date,hospital,ed_trolleys,ward_trolleys,total_trolleys,total_color,surge,delayed,delayed_color,gt_24hrs,gt_75_24hrs
01/12/2025,National Total,257,91,348,red,514,419,red,63,7
01/12/2025,Beaumont Hospital,6,0,6,green,22,9,none,,
01/12/2025,Cavan General Hospital,9,0,9,green,9,1,none,,
01/12/2025,Connolly Hospital,4,0,4,green,7,5,none,,
01/12/2025,Louth County Hospital,,,,none,,0,none,,
01/12/2025,Mater Misericordiae University Hospital,14,0,14,green,19,8,none,,
01/12/2025,National Orthopaedic Hospital Cappagh,,,,none,,1,none,,
01/12/2025,Our Lady of Lourdes Hospital,12,0,12,green,32,4,none,,
01/12/2025,Our Lady's Hospital Navan,0,0,0,green,9,2,none,,
01/12/2025,CHI at Crumlin,0,0,0,green,0,2,red,,
01/12/2025,CHI at Tallaght,2,0,2,green,2,0,none,,
01/12/2025,CHI at Temple Street,0,0,0,green,0,1,none,,
01/12/2025,MRH Mullingar,6,0,6,green,20,5,red,,
01/12/2025,MRH Portlaoise,1,0,1,green,5,4,none,,
01/12/2025,MRH Tullamore,0,0,0,green,24,7,red,,
01/12/2025,Naas General Hospital,16,1,17,red,14,12,red,2,
01/12/2025,St. James's Hospital,29,0,29,red,27,26,red,1,
01/12/2025,St. Luke's Radiation Oncology Network,,,,none,,0,none,,
01/12/2025,Tallaght University Hospital,20,11,31,red,30,8,none,13,3
01/12/2025,National Rehabilitation Hospital,,,,none,,8,none,,
01/12/2025,St. Columcille's Hospital,,,,none,,9,red,,
01/12/2025,St Luke's General Hospital Kilkenny,7,0,7,green,20,13,red,,
01/12/2025,St. Michael's Hospital,,,,none,,7,red,,
01/12/2025,St. Vincent's University Hospital,20,2,22,red,42,14,none,4,2
01/12/2025,Tipperary University Hospital,9,0,9,green,26,11,red,5,
01/12/2025,UH Waterford,0,0,0,green,16,17,none,,
01/12/2025,Wexford General Hospital,8,6,14,red,32,8,none,1,
01/12/2025,Bantry General Hospital,,,,none,,11,red,,
01/12/2025,Cork University Hospital,21,7,28,red,31,26,red,4,
01/12/2025,Mallow General Hospital,,,,none,,4,red,,
01/12/2025,Mercy University Hospital,8,5,13,red,19,12,red,5,
01/12/2025,South Infirmary Victoria University Hospital,,,,none,,2,none,,
01/12/2025,UH Kerry,13,5,18,red,7,27,red,3,
01/12/2025,Ennis Hospital,,,,none,,5,red,,
01/12/2025,Nenagh Hospital,,,,none,,2,none,,
01/12/2025,St. John's Hospital Limerick,,,,none,,4,red,,
01/12/2025,UH Limerick,10,26,36,red,4,17,none,7,
01/12/2025,Galway University Hospital,10,5,15,amber,35,32,red,1,
01/12/2025,Letterkenny University Hospital,12,6,18,red,23,40,red,3,
01/12/2025,Mayo University Hospital,1,5,6,green,10,13,red,4,
01/12/2025,Portiuncula University Hospital,7,0,7,amber,7,6,none,,
01/12/2025,Roscommon University Hospital,,,,none,,5,red,,
01/12/2025,Sligo University Hospital,12,12,24,red,22,31,red,10,2
02/12/2025,National Total,321,97,418,red,529,422,red,66,10
02/12/2025,Beaumont Hospital,14,0,14,green,25,10,none,,
02/12/2025,Cavan General Hospital,10,0,10,amber,12,1,none,,
02/12/2025,Connolly Hospital,5,0,5,green,5,5,none,,
02/12/2025,Louth County Hospital,,,,none,,0,none,,
02/12/2025,Mater Misericordiae University Hospital,31,0,31,red,19,11,none,4,
02/12/2025,National Orthopaedic Hospital Cappagh,,,,none,,1,none,,
02/12/2025,Our Lady of Lourdes Hospital,14,0,14,green,34,5,none,,
02/12/2025,Our Lady's Hospital Navan,5,0,5,amber,11,2,none,,
02/12/2025,CHI at Crumlin,0,0,0,green,0,2,red,,
02/12/2025,CHI at Tallaght,0,0,0,green,2,0,none,,
02/12/2025,CHI at Temple Street,6,0,6,red,0,1,none,,
02/12/2025,MRH Mullingar,9,0,9,green,20,5,red,,
02/12/2025,MRH Portlaoise,5,0,5,green,0,4,none,,
02/12/2025,MRH Tullamore,0,0,0,green,35,7,red,,
02/12/2025,Naas General Hospital,23,0,23,red,7,11,red,6,4
02/12/2025,St. James's Hospital,13,0,13,green,40,26,red,1,
02/12/2025,St. Luke's Radiation Oncology Network,,,,none,,0,none,,
02/12/2025,Tallaght University Hospital,10,14,24,red,30,6,none,9,
02/12/2025,National Rehabilitation Hospital,,,,none,,8,none,,
02/12/2025,St. Columcille's Hospital,,,,none,,9,red,,
02/12/2025,St Luke's General Hospital Kilkenny,6,0,6,green,26,10,red,,
02/12/2025,St. Michael's Hospital,,,,none,,7,red,,
02/12/2025,St. Vincent's University Hospital,22,0,22,red,42,14,none,2,2
02/12/2025,Tipperary University Hospital,10,0,10,amber,22,13,red,5,
02/12/2025,UH Waterford,0,0,0,green,10,17,none,,
02/12/2025,Wexford General Hospital,10,5,15,red,30,7,none,1,1
02/12/2025,Bantry General Hospital,,,,none,,9,red,,
02/12/2025,Cork University Hospital,14,0,14,green,34,29,red,,
02/12/2025,Mallow General Hospital,,,,none,,4,red,,
02/12/2025,Mercy University Hospital,30,4,34,red,20,13,red,6,2
02/12/2025,South Infirmary Victoria University Hospital,,,,none,,2,none,,
02/12/2025,UH Kerry,20,2,22,red,9,32,red,3,
02/12/2025,Ennis Hospital,,,,none,,5,red,,
02/12/2025,Nenagh Hospital,,,,none,,5,red,,
02/12/2025,St. John's Hospital Limerick,,,,none,,4,red,,
02/12/2025,UH Limerick,17,38,55,red,5,17,none,11,
02/12/2025,Galway University Hospital,13,6,19,red,43,33,red,1,
02/12/2025,Letterkenny University Hospital,10,7,17,red,26,37,red,4,
02/12/2025,Mayo University Hospital,7,10,17,red,13,10,red,5,
02/12/2025,Portiuncula University Hospital,6,0,6,green,5,6,none,,
02/12/2025,Roscommon University Hospital,,,,none,,5,red,,
02/12/2025,Sligo University Hospital,11,11,22,red,4,29,red,8,1
03/12/2025,National Total,258,84,342,red,503,447,red,62,3
03/12/2025,Beaumont Hospital,3,0,3,green,27,12,none,,
03/12/2025,Cavan General Hospital,10,0,10,amber,12,1,none,,
03/12/2025,Connolly Hospital,1,0,1,green,6,5,none,,
03/12/2025,Louth County Hospital,,,,none,,0,none,,
03/12/2025,Mater Misericordiae University Hospital,23,0,23,red,25,10,none,3,
03/12/2025,National Orthopaedic Hospital Cappagh,,,,none,,1,none,,
03/12/2025,Our Lady of Lourdes Hospital,10,0,10,green,30,6,none,,
03/12/2025,Our Lady's Hospital Navan,2,0,2,green,6,2,none,,
03/12/2025,CHI at Crumlin,4,0,4,amber,0,2,red,,
03/12/2025,CHI at Tallaght,9,0,9,red,2,0,none,,
03/12/2025,CHI at Temple Street,5,0,5,amber,0,1,none,,
03/12/2025,MRH Mullingar,5,0,5,green,15,4,none,,
03/12/2025,MRH Portlaoise,2,0,2,green,0,4,none,,
03/12/2025,MRH Tullamore,0,0,0,green,25,7,red,,
03/12/2025,Naas General Hospital,13,0,13,red,24,11,red,3,
03/12/2025,St. James's Hospital,14,0,14,green,23,26,red,,
03/12/2025,St. Luke's Radiation Oncology Network,,,,none,,0,none,,
03/12/2025,Tallaght University Hospital,14,9,23,red,30,8,none,7,
03/12/2025,National Rehabilitation Hospital,,,,none,,8,none,,
03/12/2025,St. Columcille's Hospital,,,,none,,10,red,,
03/12/2025,St Luke's General Hospital Kilkenny,10,0,10,amber,31,11,red,,
03/12/2025,St. Michael's Hospital,,,,none,,6,red,,
03/12/2025,St. Vincent's University Hospital,15,0,15,amber,40,17,none,1,
03/12/2025,Tipperary University Hospital,4,0,4,green,12,13,red,2,
03/12/2025,UH Waterford,0,0,0,green,2,22,red,,
03/12/2025,Wexford General Hospital,10,6,16,red,32,7,none,3,
03/12/2025,Bantry General Hospital,,,,none,,9,red,,
03/12/2025,Cork University Hospital,14,0,14,green,30,29,red,1,
03/12/2025,Mallow General Hospital,,,,none,,6,red,,
03/12/2025,Mercy University Hospital,28,4,32,red,20,14,red,10,2
03/12/2025,South Infirmary Victoria University Hospital,,,,none,,2,none,,
03/12/2025,UH Kerry,10,0,10,amber,9,29,red,1,
03/12/2025,Ennis Hospital,,,,none,,5,red,,
03/12/2025,Nenagh Hospital,,,,none,,5,red,,
03/12/2025,St. John's Hospital Limerick,,,,none,,4,red,,
03/12/2025,UH Limerick,14,34,48,red,5,16,none,15,
03/12/2025,Galway University Hospital,16,7,23,red,39,40,red,2,
03/12/2025,Letterkenny University Hospital,6,6,12,red,25,44,red,4,
03/12/2025,Mayo University Hospital,2,7,9,green,12,9,red,4,
03/12/2025,Portiuncula University Hospital,4,0,4,green,3,5,none,,
03/12/2025,Roscommon University Hospital,,,,none,,5,red,,
03/12/2025,Sligo University Hospital,10,11,21,red,18,31,red,6,1
04/12/2025,National Total,261,77,338,red,502,452,red,53,0
04/12/2025,Beaumont Hospital,8,0,8,green,27,12,none,,
04/12/2025,Cavan General Hospital,8,0,8,green,8,1,none,,
04/12/2025,Connolly Hospital,6,0,6,green,7,5,none,,
04/12/2025,Louth County Hospital,,,,none,,0,none,,
04/12/2025,Mater Misericordiae University Hospital,20,0,20,red,25,17,none,1,
04/12/2025,National Orthopaedic Hospital Cappagh,,,,none,,1,none,,
04/12/2025,Our Lady of Lourdes Hospital,12,0,12,green,31,6,none,,
04/12/2025,Our Lady's Hospital Navan,2,0,2,green,9,2,none,,
04/12/2025,CHI at Crumlin,7,0,7,red,1,3,red,,
04/12/2025,CHI at Tallaght,3,0,3,green,2,0,none,,
04/12/2025,CHI at Temple Street,5,0,5,amber,0,1,none,,
04/12/2025,MRH Mullingar,5,0,5,green,16,4,none,1,
04/12/2025,MRH Portlaoise,6,0,6,green,0,5,none,,
04/12/2025,MRH Tullamore,0,0,0,green,31,7,red,,
04/12/2025,Naas General Hospital,5,0,5,green,14,12,red,1,
04/12/2025,St. James's Hospital,19,0,19,red,22,26,red,1,
04/12/2025,St. Luke's Radiation Oncology Network,,,,none,,0,none,,
04/12/2025,Tallaght University Hospital,4,0,4,green,30,8,none,,
04/12/2025,National Rehabilitation Hospital,,,,none,,8,none,,
04/12/2025,St. Columcille's Hospital,,,,none,,10,red,,
04/12/2025,St Luke's General Hospital Kilkenny,11,7,18,red,35,13,red,2,
04/12/2025,St. Michael's Hospital,,,,none,,6,red,,
04/12/2025,St. Vincent's University Hospital,18,2,20,red,42,16,none,2,
04/12/2025,Tipperary University Hospital,8,0,8,green,12,12,red,2,
04/12/2025,UH Waterford,0,0,0,green,0,25,red,,
04/12/2025,Wexford General Hospital,8,6,14,red,30,7,none,1,
04/12/2025,Bantry General Hospital,,,,none,,8,red,,
04/12/2025,Cork University Hospital,14,0,14,green,30,28,red,,
04/12/2025,Mallow General Hospital,,,,none,,5,red,,
04/12/2025,Mercy University Hospital,25,4,29,red,20,13,red,8,
04/12/2025,South Infirmary Victoria University Hospital,,,,none,,2,none,,
04/12/2025,UH Kerry,17,5,22,red,9,35,red,2,
04/12/2025,Ennis Hospital,,,,none,,5,red,,
04/12/2025,Nenagh Hospital,,,,none,,5,red,,
04/12/2025,St. John's Hospital Limerick,,,,none,,4,red,,
04/12/2025,UH Limerick,17,29,46,red,3,15,none,17,
04/12/2025,Galway University Hospital,19,11,30,red,39,37,red,3,
04/12/2025,Letterkenny University Hospital,5,0,5,green,26,38,red,4,
04/12/2025,Mayo University Hospital,1,8,9,green,13,9,red,4,
04/12/2025,Portiuncula University Hospital,0,0,0,green,0,5,none,,
04/12/2025,Roscommon University Hospital,,,,none,,4,none,,
04/12/2025,Sligo University Hospital,8,5,13,red,20,32,red,4,
05/12/2025,National Total,195,74,269,none,482,444,red,35,0
05/12/2025,Beaumont Hospital,12,0,12,green,25,11,none,,
05/12/2025,Cavan General Hospital,9,0,9,green,11,1,none,,
05/12/2025,Connolly Hospital,0,0,0,green,0,4,none,,
05/12/2025,Louth County Hospital,,,,none,,0,none,,
05/12/2025,Mater Misericordiae University Hospital,8,0,8,green,20,15,none,,
05/12/2025,National Orthopaedic Hospital Cappagh,,,,none,,1,none,,
05/12/2025,Our Lady of Lourdes Hospital,13,0,13,green,34,5,none,,
05/12/2025,Our Lady's Hospital Navan,1,0,1,green,10,2,none,,
05/12/2025,CHI at Crumlin,7,0,7,red,1,3,red,,
05/12/2025,CHI at Tallaght,0,0,0,green,0,0,none,,
05/12/2025,CHI at Temple Street,5,0,5,amber,2,1,none,,
05/12/2025,MRH Mullingar,2,0,2,green,15,3,none,,
05/12/2025,MRH Portlaoise,0,0,0,green,0,5,none,,
05/12/2025,MRH Tullamore,0,0,0,green,26,7,red,,
05/12/2025,Naas General Hospital,7,1,8,green,19,13,red,1,
05/12/2025,St. James's Hospital,14,0,14,green,19,27,red,,
05/12/2025,St. Luke's Radiation Oncology Network,,,,none,,0,none,,
05/12/2025,Tallaght University Hospital,0,0,0,green,26,9,none,,
05/12/2025,National Rehabilitation Hospital,,,,none,,8,none,,
05/12/2025,St. Columcille's Hospital,,,,none,,10,red,,
05/12/2025,St Luke's General Hospital Kilkenny,8,0,8,green,27,12,red,,
05/12/2025,St. Michael's Hospital,,,,none,,6,red,,
05/12/2025,St. Vincent's University Hospital,12,2,14,green,40,17,none,1,
05/12/2025,Tipperary University Hospital,5,0,5,green,13,13,red,1,
05/12/2025,UH Waterford,0,0,0,green,0,16,none,,
05/12/2025,Wexford General Hospital,4,1,5,green,30,9,red,,
05/12/2025,Bantry General Hospital,,,,none,,7,red,,
05/12/2025,Cork University Hospital,13,1,14,green,32,26,red,3,
05/12/2025,Mallow General Hospital,,,,none,,4,red,,
05/12/2025,Mercy University Hospital,16,4,20,red,20,13,red,5,
05/12/2025,South Infirmary Victoria University Hospital,,,,none,,2,none,,
05/12/2025,UH Kerry,15,4,19,red,9,42,red,2,
05/12/2025,Ennis Hospital,,,,none,,4,red,,
05/12/2025,Nenagh Hospital,,,,none,,5,red,,
05/12/2025,St. John's Hospital Limerick,,,,none,,4,red,,
05/12/2025,UH Limerick,10,33,43,red,18,14,none,8,
05/12/2025,Galway University Hospital,12,11,23,red,39,37,red,2,
05/12/2025,Letterkenny University Hospital,10,4,14,red,13,35,red,3,
05/12/2025,Mayo University Hospital,4,11,15,red,13,12,red,7,
05/12/2025,Portiuncula University Hospital,0,0,0,green,0,5,none,,
05/12/2025,Roscommon University Hospital,,,,none,,4,none,,
05/12/2025,Sligo University Hospital,8,2,10,amber,20,32,red,2,
06/12/2025,National Total,137,24,161,none,310,455,red,8,0
06/12/2025,Beaumont Hospital,6,0,6,green,22,10,none,,
06/12/2025,Cavan General Hospital,13,0,13,red,18,1,none,,
06/12/2025,Connolly Hospital,0,0,0,green,0,4,none,,
06/12/2025,Louth County Hospital,,,,none,,0,none,,
06/12/2025,Mater Misericordiae University Hospital,6,0,6,green,12,13,none,,
06/12/2025,National Orthopaedic Hospital Cappagh,,,,none,,1,none,,
06/12/2025,Our Lady of Lourdes Hospital,0,0,0,green,18,5,none,,
06/12/2025,Our Lady's Hospital Navan,0,0,0,green,9,2,none,,
06/12/2025,CHI at Crumlin,4,0,4,amber,0,3,red,,
06/12/2025,CHI at Tallaght,7,0,7,red,2,0,none,,
06/12/2025,CHI at Temple Street,0,0,0,green,0,1,none,,
06/12/2025,MRH Mullingar,2,0,2,green,0,3,none,,
06/12/2025,MRH Portlaoise,8,0,8,green,0,5,none,,
06/12/2025,MRH Tullamore,0,0,0,green,15,7,red,,
06/12/2025,Naas General Hospital,3,0,3,green,5,13,red,,
06/12/2025,St. James's Hospital,4,0,4,green,7,28,red,,
06/12/2025,St. Luke's Radiation Oncology Network,,,,none,,0,none,,
06/12/2025,Tallaght University Hospital,0,0,0,green,4,12,none,,
06/12/2025,National Rehabilitation Hospital,,,,none,,8,none,,
06/12/2025,St. Columcille's Hospital,,,,none,,10,red,,
06/12/2025,St Luke's General Hospital Kilkenny,0,0,0,green,20,11,red,,
06/12/2025,St. Michael's Hospital,,,,none,,6,red,,
06/12/2025,St. Vincent's University Hospital,14,0,14,green,40,18,none,1,
06/12/2025,Tipperary University Hospital,3,0,3,green,7,13,red,1,
06/12/2025,UH Waterford,0,0,0,green,0,15,none,,
06/12/2025,Wexford General Hospital,5,0,5,green,18,8,none,,
06/12/2025,Bantry General Hospital,,,,none,,6,red,,
06/12/2025,Cork University Hospital,7,2,9,green,0,26,red,,
06/12/2025,Mallow General Hospital,,,,none,,4,red,,
06/12/2025,Mercy University Hospital,10,3,13,red,16,13,red,2,
06/12/2025,South Infirmary Victoria University Hospital,,,,none,,2,none,,
06/12/2025,UH Kerry,17,0,17,red,8,44,red,1,
06/12/2025,Ennis Hospital,,,,none,,3,red,,
06/12/2025,Nenagh Hospital,,,,none,,5,red,,
06/12/2025,St. John's Hospital Limerick,,,,none,,4,red,,
06/12/2025,UH Limerick,8,10,18,red,19,19,red,2,
06/12/2025,Galway University Hospital,6,0,6,green,39,40,red,,
06/12/2025,Letterkenny University Hospital,9,3,12,red,0,37,red,1,
06/12/2025,Mayo University Hospital,4,5,9,green,14,13,red,,
06/12/2025,Portiuncula University Hospital,0,0,0,green,0,5,none,,
06/12/2025,Roscommon University Hospital,,,,none,,5,red,,
06/12/2025,Sligo University Hospital,1,1,2,green,17,32,red,,
07/12/2025,National Total,168,50,218,none,391,455,red,32,3
07/12/2025,Beaumont Hospital,6,0,6,green,26,10,none,,
07/12/2025,Cavan General Hospital,3,0,3,green,18,1,none,,
07/12/2025,Connolly Hospital,2,0,2,green,5,4,none,,
07/12/2025,Louth County Hospital,,,,none,,0,none,,
07/12/2025,Mater Misericordiae University Hospital,12,0,12,green,20,13,none,,
07/12/2025,National Orthopaedic Hospital Cappagh,,,,none,,1,none,,
07/12/2025,Our Lady of Lourdes Hospital,13,0,13,green,24,5,none,,
07/12/2025,Our Lady's Hospital Navan,1,0,1,green,11,2,none,,
07/12/2025,CHI at Crumlin,0,0,0,green,0,3,red,,
07/12/2025,CHI at Tallaght,3,0,3,green,0,0,none,,
07/12/2025,CHI at Temple Street,0,0,0,green,0,1,none,,
07/12/2025,MRH Mullingar,4,0,4,green,0,3,none,,
07/12/2025,MRH Portlaoise,9,0,9,green,0,5,none,,
07/12/2025,MRH Tullamore,0,0,0,green,24,7,red,,
07/12/2025,Naas General Hospital,3,0,3,green,8,13,red,,
07/12/2025,St. James's Hospital,7,0,7,green,7,28,red,,
07/12/2025,St. Luke's Radiation Oncology Network,,,,none,,0,none,,
07/12/2025,Tallaght University Hospital,0,0,0,green,12,12,none,,
07/12/2025,National Rehabilitation Hospital,,,,none,,8,none,,
07/12/2025,St. Columcille's Hospital,,,,none,,10,red,,
07/12/2025,St Luke's General Hospital Kilkenny,2,0,2,green,23,11,red,,
07/12/2025,St. Michael's Hospital,,,,none,,6,red,,
07/12/2025,St. Vincent's University Hospital,14,0,14,green,40,18,none,3,
07/12/2025,Tipperary University Hospital,5,0,5,green,9,13,red,2,
07/12/2025,UH Waterford,0,0,0,green,0,15,none,,
07/12/2025,Wexford General Hospital,4,1,5,green,24,8,none,,
07/12/2025,Bantry General Hospital,,,,none,,6,red,,
07/12/2025,Cork University Hospital,6,5,11,green,26,26,red,,
07/12/2025,Mallow General Hospital,,,,none,,4,red,,
07/12/2025,Mercy University Hospital,15,3,18,red,16,13,red,3,
07/12/2025,South Infirmary Victoria University Hospital,,,,none,,2,none,,
07/12/2025,UH Kerry,22,5,27,red,7,44,red,6,2
07/12/2025,Ennis Hospital,,,,none,,3,red,,
07/12/2025,Nenagh Hospital,,,,none,,5,red,,
07/12/2025,St. John's Hospital Limerick,,,,none,,4,red,,
07/12/2025,UH Limerick,10,19,29,red,29,19,red,8,
07/12/2025,Galway University Hospital,17,4,21,red,19,40,red,1,1
07/12/2025,Letterkenny University Hospital,5,2,7,green,5,37,red,,
07/12/2025,Mayo University Hospital,4,11,15,red,18,13,red,9,
07/12/2025,Portiuncula University Hospital,1,0,1,green,0,5,none,,
07/12/2025,Roscommon University Hospital,,,,none,,5,red,,
07/12/2025,Sligo University Hospital,0,0,0,green,20,32,red,,
08/12/2025,National Total,318,103,421,red,573,455,red,63,6
08/12/2025,Beaumont Hospital,20,0,20,red,41,10,none,,
08/12/2025,Cavan General Hospital,9,0,9,green,11,1,none,,
08/12/2025,Connolly Hospital,1,0,1,green,9,4,none,,
08/12/2025,Louth County Hospital,,,,none,,0,none,,
08/12/2025,Mater Misericordiae University Hospital,14,0,14,green,25,13,none,1,1
08/12/2025,National Orthopaedic Hospital Cappagh,,,,none,,1,none,,
08/12/2025,Our Lady of Lourdes Hospital,14,0,14,green,36,5,none,,
08/12/2025,Our Lady's Hospital Navan,4,0,4,amber,18,2,none,,
08/12/2025,CHI at Crumlin,1,0,1,green,0,3,red,,
08/12/2025,CHI at Tallaght,1,0,1,green,1,0,none,,
08/12/2025,CHI at Temple Street,9,0,9,red,0,1,none,,
08/12/2025,MRH Mullingar,2,0,2,green,11,3,none,,
08/12/2025,MRH Portlaoise,5,0,5,green,6,5,none,,
08/12/2025,MRH Tullamore,0,0,0,green,43,7,red,,
08/12/2025,Naas General Hospital,12,0,12,red,15,13,red,,
08/12/2025,St. James's Hospital,38,0,38,red,16,28,red,,
08/12/2025,St. Luke's Radiation Oncology Network,,,,none,,0,none,,
08/12/2025,Tallaght University Hospital,12,3,15,amber,28,12,none,,
08/12/2025,National Rehabilitation Hospital,,,,none,,8,none,,
08/12/2025,St. Columcille's Hospital,,,,none,,10,red,,
08/12/2025,St Luke's General Hospital Kilkenny,13,6,19,red,35,11,red,2,
08/12/2025,St. Michael's Hospital,,,,none,,6,red,,
08/12/2025,St. Vincent's University Hospital,21,0,21,red,40,18,none,6,1
08/12/2025,Tipperary University Hospital,7,0,7,green,12,13,red,2,
08/12/2025,UH Waterford,0,0,0,green,8,15,none,,
08/12/2025,Wexford General Hospital,2,5,7,green,31,8,none,1,
08/12/2025,Bantry General Hospital,,,,none,,6,red,,
08/12/2025,Cork University Hospital,34,19,53,red,35,26,red,6,1
08/12/2025,Mallow General Hospital,,,,none,,4,red,,
08/12/2025,Mercy University Hospital,16,1,17,red,20,13,red,8,
08/12/2025,South Infirmary Victoria University Hospital,,,,none,,2,none,,
08/12/2025,UH Kerry,10,4,14,red,7,44,red,5,2
08/12/2025,Ennis Hospital,,,,none,,3,red,,
08/12/2025,Nenagh Hospital,,,,none,,5,red,,
08/12/2025,St. John's Hospital Limerick,,,,none,,4,red,,
08/12/2025,UH Limerick,18,35,53,red,19,19,red,13,1
08/12/2025,Galway University Hospital,19,13,32,red,45,40,red,3,
08/12/2025,Letterkenny University Hospital,9,5,14,red,11,37,red,3,
08/12/2025,Mayo University Hospital,13,12,25,red,18,13,red,12,
08/12/2025,Portiuncula University Hospital,8,0,8,amber,3,5,none,1,
08/12/2025,Roscommon University Hospital,,,,none,,5,red,,
08/12/2025,Sligo University Hospital,6,0,6,green,29,32,red,,
09/12/2025,National Total,330,114,444,red,584,436,red,48,4
09/12/2025,Beaumont Hospital,14,0,14,green,29,10,none,,
09/12/2025,Cavan General Hospital,15,0,15,red,10,1,none,,
09/12/2025,Connolly Hospital,4,0,4,green,10,3,none,,
09/12/2025,Louth County Hospital,,,,none,,0,none,,
09/12/2025,Mater Misericordiae University Hospital,29,0,29,red,35,10,none,,
09/12/2025,National Orthopaedic Hospital Cappagh,,,,none,,1,none,,
09/12/2025,Our Lady of Lourdes Hospital,14,0,14,green,39,4,none,,
09/12/2025,Our Lady's Hospital Navan,8,0,8,red,16,2,none,,
09/12/2025,CHI at Crumlin,6,0,6,red,0,2,red,,
09/12/2025,CHI at Tallaght,0,0,0,green,0,0,none,,
09/12/2025,CHI at Temple Street,3,0,3,green,3,1,none,,
09/12/2025,MRH Mullingar,5,0,5,green,14,3,none,1,
09/12/2025,MRH Portlaoise,8,0,8,green,0,5,none,,
09/12/2025,MRH Tullamore,0,0,0,green,37,7,red,,
09/12/2025,Naas General Hospital,13,0,13,red,16,11,red,2,1
09/12/2025,St. James's Hospital,24,0,24,red,22,27,red,1,
09/12/2025,St. Luke's Radiation Oncology Network,,,,none,,0,none,,
09/12/2025,Tallaght University Hospital,17,15,32,red,28,10,none,3,
09/12/2025,National Rehabilitation Hospital,,,,none,,8,none,,
09/12/2025,St. Columcille's Hospital,,,,none,,7,red,,
09/12/2025,St Luke's General Hospital Kilkenny,12,8,20,red,33,11,red,,
09/12/2025,St. Michael's Hospital,,,,none,,6,red,,
09/12/2025,St. Vincent's University Hospital,24,6,30,red,40,22,red,3,1
09/12/2025,Tipperary University Hospital,9,0,9,green,20,14,red,2,
09/12/2025,UH Waterford,0,0,0,green,6,22,red,,
09/12/2025,Wexford General Hospital,3,3,6,green,28,8,none,1,
09/12/2025,Bantry General Hospital,,,,none,,8,red,,
09/12/2025,Cork University Hospital,23,14,37,red,34,23,red,3,1
09/12/2025,Mallow General Hospital,,,,none,,4,red,,
09/12/2025,Mercy University Hospital,13,4,17,red,19,14,red,5,
09/12/2025,South Infirmary Victoria University Hospital,,,,none,,1,none,,
09/12/2025,UH Kerry,16,7,23,red,10,37,red,4,1
09/12/2025,Ennis Hospital,,,,none,,3,red,,
09/12/2025,Nenagh Hospital,,,,none,,3,none,,
09/12/2025,St. John's Hospital Limerick,,,,none,,4,red,,
09/12/2025,UH Limerick,9,26,35,red,25,19,red,6,
09/12/2025,Galway University Hospital,29,7,36,red,52,40,red,3,
09/12/2025,Letterkenny University Hospital,5,7,12,red,13,42,red,4,
09/12/2025,Mayo University Hospital,6,16,22,red,18,7,none,10,
09/12/2025,Portiuncula University Hospital,6,0,6,green,3,3,none,,
09/12/2025,Roscommon University Hospital,,,,none,,4,none,,
09/12/2025,Sligo University Hospital,15,1,16,red,24,29,red,,
10/12/2025,National Total,308,126,434,red,516,444,red,70,2
10/12/2025,Beaumont Hospital,13,0,13,green,24,9,none,,
10/12/2025,Cavan General Hospital,15,0,15,red,9,1,none,,
10/12/2025,Connolly Hospital,2,0,2,green,9,3,none,,
10/12/2025,Louth County Hospital,,,,none,,0,none,,
10/12/2025,Mater Misericordiae University Hospital,27,0,27,red,25,12,none,2,
10/12/2025,National Orthopaedic Hospital Cappagh,,,,none,,2,none,,
10/12/2025,Our Lady of Lourdes Hospital,9,0,9,green,34,3,none,,
10/12/2025,Our Lady's Hospital Navan,0,0,0,green,12,2,none,,
10/12/2025,CHI at Crumlin,6,0,6,red,0,1,none,,
10/12/2025,CHI at Tallaght,10,0,10,red,0,0,none,,
10/12/2025,CHI at Temple Street,4,0,4,amber,0,1,none,,
10/12/2025,MRH Mullingar,3,0,3,green,5,3,none,1,
10/12/2025,MRH Portlaoise,5,0,5,green,0,5,none,,
10/12/2025,MRH Tullamore,0,0,0,green,36,7,red,,
10/12/2025,Naas General Hospital,20,4,24,red,18,12,red,6,
10/12/2025,St. James's Hospital,5,0,5,green,24,26,red,,
10/12/2025,St. Luke's Radiation Oncology Network,,,,none,,0,none,,
10/12/2025,Tallaght University Hospital,25,12,37,red,28,10,none,12,
10/12/2025,National Rehabilitation Hospital,,,,none,,8,none,,
10/12/2025,St. Columcille's Hospital,,,,none,,7,red,,
10/12/2025,St Luke's General Hospital Kilkenny,5,6,11,red,26,10,red,,
10/12/2025,St. Michael's Hospital,,,,none,,7,red,,
10/12/2025,St. Vincent's University Hospital,22,4,26,red,40,20,none,,
10/12/2025,Tipperary University Hospital,4,0,4,green,19,16,red,3,
10/12/2025,UH Waterford,0,0,0,green,0,23,red,,
10/12/2025,Wexford General Hospital,5,4,9,green,23,9,red,2,
10/12/2025,Bantry General Hospital,,,,none,,8,red,,
10/12/2025,Cork University Hospital,28,11,39,red,32,29,red,4,1
10/12/2025,Mallow General Hospital,,,,none,,4,red,,
10/12/2025,Mercy University Hospital,14,7,21,red,20,11,red,6,
10/12/2025,South Infirmary Victoria University Hospital,,,,none,,1,none,,
10/12/2025,UH Kerry,11,0,11,red,6,35,red,4,
10/12/2025,Ennis Hospital,,,,none,,3,red,,
10/12/2025,Nenagh Hospital,,,,none,,3,none,,
10/12/2025,St. John's Hospital Limerick,,,,none,,4,red,,
10/12/2025,UH Limerick,3,29,32,red,12,19,red,8,
10/12/2025,Galway University Hospital,31,20,51,red,52,42,red,5,1
10/12/2025,Letterkenny University Hospital,9,7,16,red,14,42,red,2,
10/12/2025,Mayo University Hospital,9,15,24,red,18,8,none,11,
10/12/2025,Portiuncula University Hospital,10,0,10,amber,9,5,none,,
10/12/2025,Roscommon University Hospital,,,,none,,4,none,,
10/12/2025,Sligo University Hospital,13,7,20,red,21,29,red,4,
11/12/2025,National Total,219,91,310,none,474,436,red,50,3
11/12/2025,Beaumont Hospital,8,0,8,green,25,9,none,,
11/12/2025,Cavan General Hospital,12,0,12,red,8,1,none,,
11/12/2025,Connolly Hospital,5,0,5,green,10,3,none,,
11/12/2025,Louth County Hospital,,,,none,,0,none,,
11/12/2025,Mater Misericordiae University Hospital,14,0,14,green,25,12,none,,
11/12/2025,National Orthopaedic Hospital Cappagh,,,,none,,2,none,,
11/12/2025,Our Lady of Lourdes Hospital,0,0,0,green,27,3,none,,
11/12/2025,Our Lady's Hospital Navan,0,0,0,green,10,2,none,,
11/12/2025,CHI at Crumlin,1,0,1,green,1,1,none,,
11/12/2025,CHI at Tallaght,0,0,0,green,3,0,none,,
11/12/2025,CHI at Temple Street,8,0,8,red,0,0,none,,
11/12/2025,MRH Mullingar,2,0,2,green,5,3,none,1,1
11/12/2025,MRH Portlaoise,4,0,4,green,0,5,none,,
11/12/2025,MRH Tullamore,0,0,0,green,30,8,red,,
11/12/2025,Naas General Hospital,9,0,9,green,1,13,red,4,
11/12/2025,St. James's Hospital,6,0,6,green,22,28,red,,
11/12/2025,St. Luke's Radiation Oncology Network,,,,none,,0,none,,
11/12/2025,Tallaght University Hospital,23,12,35,red,28,10,none,7,
11/12/2025,National Rehabilitation Hospital,,,,none,,7,none,,
11/12/2025,St. Columcille's Hospital,,,,none,,7,red,,
11/12/2025,St Luke's General Hospital Kilkenny,6,3,9,green,27,10,red,,
11/12/2025,St. Michael's Hospital,,,,none,,7,red,,
11/12/2025,St. Vincent's University Hospital,20,2,22,red,40,20,none,1,
11/12/2025,Tipperary University Hospital,5,0,5,green,19,16,red,2,
11/12/2025,UH Waterford,0,0,0,green,0,22,red,,
11/12/2025,Wexford General Hospital,2,1,3,green,25,8,none,1,
11/12/2025,Bantry General Hospital,,,,none,,9,red,,
11/12/2025,Cork University Hospital,25,13,38,red,33,25,red,2,
11/12/2025,Mallow General Hospital,,,,none,,4,red,,
11/12/2025,Mercy University Hospital,1,0,1,green,20,11,red,,
11/12/2025,South Infirmary Victoria University Hospital,,,,none,,1,none,,
11/12/2025,UH Kerry,3,0,3,green,8,33,red,,
11/12/2025,Ennis Hospital,,,,none,,3,red,,
11/12/2025,Nenagh Hospital,,,,none,,3,none,,
11/12/2025,St. John's Hospital Limerick,,,,none,,3,none,,
11/12/2025,UH Limerick,8,18,26,red,8,19,red,6,
11/12/2025,Galway University Hospital,26,16,42,red,45,43,red,8,2
11/12/2025,Letterkenny University Hospital,13,7,20,red,14,36,red,5,
11/12/2025,Mayo University Hospital,6,12,18,red,18,7,none,10,
11/12/2025,Portiuncula University Hospital,4,0,4,green,1,6,none,,
11/12/2025,Roscommon University Hospital,,,,none,,5,red,,
11/12/2025,Sligo University Hospital,8,7,15,red,21,31,red,3,
12/12/2025,National Total,230,66,296,none,439,436,red,32,0
12/12/2025,Beaumont Hospital,10,0,10,green,25,11,none,,
12/12/2025,Cavan General Hospital,12,0,12,red,10,1,none,,
12/12/2025,Connolly Hospital,0,0,0,green,9,3,none,,
12/12/2025,Louth County Hospital,,,,none,,0,none,,
12/12/2025,Mater Misericordiae University Hospital,18,0,18,red,19,13,none,,
12/12/2025,National Orthopaedic Hospital Cappagh,,,,none,,2,none,,
12/12/2025,Our Lady of Lourdes Hospital,5,0,5,green,31,2,none,,
12/12/2025,Our Lady's Hospital Navan,0,0,0,green,9,1,none,,
12/12/2025,CHI at Crumlin,10,0,10,red,1,1,none,,
12/12/2025,CHI at Tallaght,3,0,3,green,1,0,none,,
12/12/2025,CHI at Temple Street,4,0,4,amber,0,0,none,,
12/12/2025,MRH Mullingar,3,0,3,green,3,3,none,,
12/12/2025,MRH Portlaoise,5,0,5,green,0,9,red,,
12/12/2025,MRH Tullamore,0,0,0,green,29,8,red,,
12/12/2025,Naas General Hospital,4,0,4,green,10,10,red,,
12/12/2025,St. James's Hospital,3,0,3,green,14,30,red,,
12/12/2025,St. Luke's Radiation Oncology Network,,,,none,,0,none,,
12/12/2025,Tallaght University Hospital,13,4,17,red,28,7,none,3,
12/12/2025,National Rehabilitation Hospital,,,,none,,7,none,,
12/12/2025,St. Columcille's Hospital,,,,none,,7,red,,
12/12/2025,St Luke's General Hospital Kilkenny,6,6,12,red,25,10,red,,
12/12/2025,St. Michael's Hospital,,,,none,,7,red,,
12/12/2025,St. Vincent's University Hospital,13,0,13,green,44,20,none,,
12/12/2025,Tipperary University Hospital,7,0,7,green,2,12,red,2,
12/12/2025,UH Waterford,0,0,0,green,0,21,red,,
12/12/2025,Wexford General Hospital,6,0,6,green,13,7,none,,
12/12/2025,Bantry General Hospital,,,,none,,9,red,,
12/12/2025,Cork University Hospital,32,7,39,red,33,25,red,3,
12/12/2025,Mallow General Hospital,,,,none,,5,red,,
12/12/2025,Mercy University Hospital,2,0,2,green,12,9,red,,
12/12/2025,South Infirmary Victoria University Hospital,,,,none,,2,none,,
12/12/2025,UH Kerry,9,0,9,green,10,40,red,,
12/12/2025,Ennis Hospital,,,,none,,3,red,,
12/12/2025,Nenagh Hospital,,,,none,,3,none,,
12/12/2025,St. John's Hospital Limerick,,,,none,,3,none,,
12/12/2025,UH Limerick,14,20,34,red,13,19,red,6,
12/12/2025,Galway University Hospital,24,11,35,red,45,40,red,6,
12/12/2025,Letterkenny University Hospital,10,7,17,red,13,36,red,2,
12/12/2025,Mayo University Hospital,6,9,15,red,18,8,none,9,
12/12/2025,Portiuncula University Hospital,0,0,0,green,0,6,none,,
12/12/2025,Roscommon University Hospital,,,,none,,5,red,,
12/12/2025,Sligo University Hospital,11,2,13,red,22,31,red,1,
13/12/2025,National Total,90,33,123,none,308,436,red,7,0
13/12/2025,Beaumont Hospital,0,0,0,green,17,10,none,,
13/12/2025,Cavan General Hospital,5,0,5,green,12,1,none,,
13/12/2025,Connolly Hospital,0,0,0,green,0,3,none,,
13/12/2025,Louth County Hospital,,,,none,,0,none,,
13/12/2025,Mater Misericordiae University Hospital,0,0,0,green,12,12,none,,
13/12/2025,National Orthopaedic Hospital Cappagh,,,,none,,2,none,,
13/12/2025,Our Lady of Lourdes Hospital,0,0,0,green,16,2,none,,
13/12/2025,Our Lady's Hospital Navan,0,0,0,green,1,1,none,,
13/12/2025,CHI at Crumlin,0,0,0,green,0,1,none,,
13/12/2025,CHI at Tallaght,7,0,7,red,6,0,none,,
13/12/2025,CHI at Temple Street,2,0,2,green,0,0,none,,
13/12/2025,MRH Mullingar,0,0,0,green,0,3,none,,
13/12/2025,MRH Portlaoise,5,0,5,green,0,11,red,,
13/12/2025,MRH Tullamore,0,0,0,green,17,8,red,,
13/12/2025,Naas General Hospital,3,0,3,green,2,8,none,,
13/12/2025,St. James's Hospital,0,0,0,green,5,35,red,,
13/12/2025,St. Luke's Radiation Oncology Network,,,,none,,0,none,,
13/12/2025,Tallaght University Hospital,5,0,5,green,24,8,none,,
13/12/2025,National Rehabilitation Hospital,,,,none,,6,none,,
13/12/2025,St. Columcille's Hospital,,,,none,,7,red,,
13/12/2025,St Luke's General Hospital Kilkenny,0,0,0,green,23,9,red,,
13/12/2025,St. Michael's Hospital,,,,none,,7,red,,
13/12/2025,St. Vincent's University Hospital,3,0,3,green,38,19,none,,
13/12/2025,Tipperary University Hospital,2,0,2,green,6,11,red,,
13/12/2025,UH Waterford,0,0,0,green,0,22,red,,
13/12/2025,Wexford General Hospital,2,0,2,green,13,7,none,,
13/12/2025,Bantry General Hospital,,,,none,,9,red,,
13/12/2025,Cork University Hospital,20,8,28,red,20,28,red,1,
13/12/2025,Mallow General Hospital,,,,none,,5,red,,
13/12/2025,Mercy University Hospital,2,0,2,green,16,9,red,,
13/12/2025,South Infirmary Victoria University Hospital,,,,none,,1,none,,
13/12/2025,UH Kerry,5,0,5,green,6,42,red,,
13/12/2025,Ennis Hospital,,,,none,,3,red,,
13/12/2025,Nenagh Hospital,,,,none,,3,none,,
13/12/2025,St. John's Hospital Limerick,,,,none,,3,none,,
13/12/2025,UH Limerick,0,9,9,green,2,19,red,3,
13/12/2025,Galway University Hospital,14,1,15,amber,39,38,red,,
13/12/2025,Letterkenny University Hospital,9,6,15,red,3,33,red,3,
13/12/2025,Mayo University Hospital,5,7,12,red,12,9,red,,
13/12/2025,Portiuncula University Hospital,1,0,1,green,0,5,none,,
13/12/2025,Roscommon University Hospital,,,,none,,5,red,,
13/12/2025,Sligo University Hospital,0,2,2,green,18,31,red,,
14/12/2025,National Total,133,46,179,none,371,434,red,18,0
14/12/2025,Beaumont Hospital,0,0,0,green,18,10,none,,
14/12/2025,Cavan General Hospital,10,0,10,amber,10,1,none,,
14/12/2025,Connolly Hospital,0,0,0,green,0,3,none,,
14/12/2025,Louth County Hospital,,,,none,,0,none,,
14/12/2025,Mater Misericordiae University Hospital,6,0,6,green,12,12,none,,
14/12/2025,National Orthopaedic Hospital Cappagh,,,,none,,2,none,,
14/12/2025,Our Lady of Lourdes Hospital,10,0,10,green,26,2,none,,
14/12/2025,Our Lady's Hospital Navan,0,0,0,green,10,1,none,,
14/12/2025,CHI at Crumlin,0,0,0,green,0,1,none,,
14/12/2025,CHI at Tallaght,3,0,3,green,2,0,none,,
14/12/2025,CHI at Temple Street,0,0,0,green,0,0,none,,
14/12/2025,MRH Mullingar,3,0,3,green,0,3,none,,
14/12/2025,MRH Portlaoise,2,0,2,green,0,11,red,,
14/12/2025,MRH Tullamore,0,0,0,green,13,8,red,,
14/12/2025,Naas General Hospital,5,0,5,green,14,8,none,,
14/12/2025,St. James's Hospital,0,0,0,green,3,35,red,,
14/12/2025,St. Luke's Radiation Oncology Network,,,,none,,0,none,,
14/12/2025,Tallaght University Hospital,12,5,17,red,28,8,none,,
14/12/2025,National Rehabilitation Hospital,,,,none,,6,none,,
14/12/2025,St. Columcille's Hospital,,,,none,,7,red,,
14/12/2025,St Luke's General Hospital Kilkenny,0,0,0,green,22,9,red,,
14/12/2025,St. Michael's Hospital,,,,none,,7,red,,
14/12/2025,St. Vincent's University Hospital,15,0,15,amber,38,19,none,,
14/12/2025,Tipperary University Hospital,6,0,6,green,9,11,red,1,
14/12/2025,UH Waterford,0,0,0,green,0,22,red,,
14/12/2025,Wexford General Hospital,6,0,6,green,22,7,none,,
14/12/2025,Bantry General Hospital,,,,none,,9,red,,
14/12/2025,Cork University Hospital,13,10,23,red,30,28,red,1,
14/12/2025,Mallow General Hospital,,,,none,,5,red,,
14/12/2025,Mercy University Hospital,3,0,3,green,16,9,red,,
14/12/2025,South Infirmary Victoria University Hospital,,,,none,,1,none,,
14/12/2025,UH Kerry,8,0,8,green,7,40,red,,
14/12/2025,Ennis Hospital,,,,none,,3,red,,
14/12/2025,Nenagh Hospital,,,,none,,3,none,,
14/12/2025,St. John's Hospital Limerick,,,,none,,3,none,,
14/12/2025,UH Limerick,6,9,15,amber,6,19,red,3,
14/12/2025,Galway University Hospital,5,0,5,green,41,38,red,,
14/12/2025,Letterkenny University Hospital,7,5,12,red,14,33,red,3,
14/12/2025,Mayo University Hospital,7,16,23,red,12,9,red,9,
14/12/2025,Portiuncula University Hospital,4,0,4,green,0,5,none,,
14/12/2025,Roscommon University Hospital,,,,none,,5,red,,
14/12/2025,Sligo University Hospital,2,1,3,green,18,31,red,1,
15/12/2025,National Total,277,80,357,red,487,433,red,65,3
15/12/2025,Beaumont Hospital,10,0,10,green,31,10,none,,
15/12/2025,Cavan General Hospital,15,0,15,red,10,1,none,,
15/12/2025,Connolly Hospital,6,0,6,green,8,3,none,,
15/12/2025,Louth County Hospital,,,,none,,0,none,,
15/12/2025,Mater Misericordiae University Hospital,20,0,20,red,19,12,none,,
15/12/2025,National Orthopaedic Hospital Cappagh,,,,none,,2,none,,
15/12/2025,Our Lady of Lourdes Hospital,12,0,12,green,38,2,none,,
15/12/2025,Our Lady's Hospital Navan,0,0,0,green,17,1,none,,
15/12/2025,CHI at Crumlin,8,0,8,red,0,1,none,,
15/12/2025,CHI at Tallaght,1,0,1,green,2,0,none,,
15/12/2025,CHI at Temple Street,2,0,2,green,0,0,none,,
15/12/2025,MRH Mullingar,2,0,2,green,12,3,none,,
15/12/2025,MRH Portlaoise,6,0,6,green,0,11,red,,
15/12/2025,MRH Tullamore,0,0,0,green,31,8,red,,
15/12/2025,Naas General Hospital,17,2,19,red,16,8,none,2,
15/12/2025,St. James's Hospital,10,0,10,green,7,35,red,,
15/12/2025,St. Luke's Radiation Oncology Network,,,,none,,0,none,,
15/12/2025,Tallaght University Hospital,27,10,37,red,26,8,none,12,
15/12/2025,National Rehabilitation Hospital,,,,none,,6,none,,
15/12/2025,St. Columcille's Hospital,,,,none,,7,red,,
15/12/2025,St Luke's General Hospital Kilkenny,0,0,0,green,20,9,red,,
15/12/2025,St. Michael's Hospital,,,,none,,7,red,,
15/12/2025,St. Vincent's University Hospital,25,0,25,red,40,19,none,3,1
15/12/2025,Tipperary University Hospital,9,0,9,green,15,11,red,4,
15/12/2025,UH Waterford,0,0,0,green,0,22,red,,
15/12/2025,Wexford General Hospital,10,5,15,red,25,7,none,2,
15/12/2025,Bantry General Hospital,,,,none,,9,red,,
15/12/2025,Cork University Hospital,19,7,26,red,38,28,red,4,
15/12/2025,Mallow General Hospital,,,,none,,5,red,,
15/12/2025,Mercy University Hospital,10,4,14,red,16,9,red,6,1
15/12/2025,South Infirmary Victoria University Hospital,,,,none,,1,none,,
15/12/2025,UH Kerry,5,0,5,green,6,39,red,2,
15/12/2025,Ennis Hospital,,,,none,,3,red,,
15/12/2025,Nenagh Hospital,,,,none,,3,none,,
15/12/2025,St. John's Hospital Limerick,,,,none,,3,none,,
15/12/2025,UH Limerick,11,19,30,red,15,19,red,7,
15/12/2025,Galway University Hospital,20,9,29,red,44,38,red,1,
15/12/2025,Letterkenny University Hospital,16,5,21,red,14,33,red,4,
15/12/2025,Mayo University Hospital,11,16,27,red,17,9,red,16,1
15/12/2025,Portiuncula University Hospital,1,0,1,green,0,5,none,,
15/12/2025,Roscommon University Hospital,,,,none,,5,red,,
15/12/2025,Sligo University Hospital,4,3,7,green,20,31,red,2,
16/12/2025,National Total,223,64,287,none,490,424,red,43,2
16/12/2025,Beaumont Hospital,21,0,21,red,24,9,none,,
16/12/2025,Cavan General Hospital,6,0,6,green,9,1,none,,
16/12/2025,Connolly Hospital,5,0,5,green,8,3,none,,
16/12/2025,Louth County Hospital,,,,none,,0,none,,
16/12/2025,Mater Misericordiae University Hospital,14,0,14,green,19,10,none,,
16/12/2025,National Orthopaedic Hospital Cappagh,,,,none,,2,none,,
16/12/2025,Our Lady of Lourdes Hospital,14,0,14,green,39,2,none,,
16/12/2025,Our Lady's Hospital Navan,1,0,1,green,7,1,none,,
16/12/2025,CHI at Crumlin,6,0,6,red,0,1,none,,
16/12/2025,CHI at Tallaght,4,0,4,amber,2,0,none,,
16/12/2025,CHI at Temple Street,3,0,3,green,0,0,none,,
16/12/2025,MRH Mullingar,8,0,8,green,20,3,none,,
16/12/2025,MRH Portlaoise,2,0,2,green,0,6,none,,
16/12/2025,MRH Tullamore,0,0,0,green,36,10,red,,
16/12/2025,Naas General Hospital,10,4,14,red,17,8,none,4,1
16/12/2025,St. James's Hospital,6,0,6,green,7,32,red,,
16/12/2025,St. Luke's Radiation Oncology Network,,,,none,,0,none,,
16/12/2025,Tallaght University Hospital,7,9,16,red,28,7,none,6,
16/12/2025,National Rehabilitation Hospital,,,,none,,6,none,,
16/12/2025,St. Columcille's Hospital,,,,none,,7,red,,
16/12/2025,St Luke's General Hospital Kilkenny,1,0,1,green,21,9,red,,
16/12/2025,St. Michael's Hospital,,,,none,,7,red,,
16/12/2025,St. Vincent's University Hospital,20,0,20,red,42,23,red,,
16/12/2025,Tipperary University Hospital,7,0,7,green,14,14,red,3,
16/12/2025,UH Waterford,0,0,0,green,0,23,red,,
16/12/2025,Wexford General Hospital,3,0,3,green,25,8,none,,
16/12/2025,Bantry General Hospital,,,,none,,9,red,,
16/12/2025,Cork University Hospital,13,1,14,green,36,25,red,1,
16/12/2025,Mallow General Hospital,,,,none,,5,red,,
16/12/2025,Mercy University Hospital,8,2,10,amber,16,11,red,1,
16/12/2025,South Infirmary Victoria University Hospital,,,,none,,1,none,,
16/12/2025,UH Kerry,8,0,8,green,8,36,red,,
16/12/2025,Ennis Hospital,,,,none,,4,red,,
16/12/2025,Nenagh Hospital,,,,none,,3,none,,
16/12/2025,St. John's Hospital Limerick,,,,none,,3,none,,
16/12/2025,UH Limerick,5,13,18,red,12,19,red,4,
16/12/2025,Galway University Hospital,28,11,39,red,45,36,red,4,
16/12/2025,Letterkenny University Hospital,2,4,6,green,17,32,red,2,
16/12/2025,Mayo University Hospital,11,16,27,red,18,12,red,16,1
16/12/2025,Portiuncula University Hospital,1,0,1,green,0,6,none,,
16/12/2025,Roscommon University Hospital,,,,none,,2,none,,
16/12/2025,Sligo University Hospital,9,4,13,red,20,28,red,2,
17/12/2025,National Total,178,70,248,none,498,425,red,35,5
17/12/2025,Beaumont Hospital,0,0,0,green,24,10,none,,
17/12/2025,Cavan General Hospital,2,0,2,green,10,1,none,,
17/12/2025,Connolly Hospital,0,0,0,green,8,3,none,,
17/12/2025,Louth County Hospital,,,,none,,0,none,,
17/12/2025,Mater Misericordiae University Hospital,10,0,10,green,17,12,none,,
17/12/2025,National Orthopaedic Hospital Cappagh,,,,none,,2,none,,
17/12/2025,Our Lady of Lourdes Hospital,14,0,14,green,41,1,none,,
17/12/2025,Our Lady's Hospital Navan,0,0,0,green,7,1,none,,
17/12/2025,CHI at Crumlin,1,0,1,green,1,1,none,,
17/12/2025,CHI at Tallaght,3,0,3,green,2,1,none,,
17/12/2025,CHI at Temple Street,1,0,1,green,0,0,none,,
17/12/2025,MRH Mullingar,0,0,0,green,14,3,none,,
17/12/2025,MRH Portlaoise,5,0,5,green,0,7,none,,
17/12/2025,MRH Tullamore,0,0,0,green,34,9,red,,
17/12/2025,Naas General Hospital,15,2,17,red,19,8,none,2,
17/12/2025,St. James's Hospital,14,0,14,green,15,32,red,,
17/12/2025,St. Luke's Radiation Oncology Network,,,,none,,0,none,,
17/12/2025,Tallaght University Hospital,7,7,14,green,26,9,none,,
17/12/2025,National Rehabilitation Hospital,,,,none,,5,none,,
17/12/2025,St. Columcille's Hospital,,,,none,,6,red,,
17/12/2025,St Luke's General Hospital Kilkenny,5,0,5,green,15,11,red,,
17/12/2025,St. Michael's Hospital,,,,none,,6,red,,
17/12/2025,St. Vincent's University Hospital,9,0,9,green,42,28,red,,
17/12/2025,Tipperary University Hospital,8,0,8,green,18,11,red,3,
17/12/2025,UH Waterford,0,0,0,green,0,19,none,,
17/12/2025,Wexford General Hospital,1,4,5,green,26,7,none,,
17/12/2025,Bantry General Hospital,,,,none,,9,red,,
17/12/2025,Cork University Hospital,12,5,17,red,33,27,red,,
17/12/2025,Mallow General Hospital,,,,none,,5,red,,
17/12/2025,Mercy University Hospital,12,4,16,red,16,13,red,6,2
17/12/2025,South Infirmary Victoria University Hospital,,,,none,,1,none,,
17/12/2025,UH Kerry,9,0,9,green,9,34,red,1,
17/12/2025,Ennis Hospital,,,,none,,4,red,,
17/12/2025,Nenagh Hospital,,,,none,,2,none,,
17/12/2025,St. John's Hospital Limerick,,,,none,,3,none,,
17/12/2025,UH Limerick,4,15,19,red,25,16,none,2,
17/12/2025,Galway University Hospital,25,13,38,red,45,35,red,9,3
17/12/2025,Letterkenny University Hospital,0,6,6,green,13,38,red,1,
17/12/2025,Mayo University Hospital,4,10,14,red,15,11,red,10,
17/12/2025,Portiuncula University Hospital,0,0,0,green,0,4,none,,
17/12/2025,Roscommon University Hospital,,,,none,,2,none,,
17/12/2025,Sligo University Hospital,17,4,21,red,23,28,red,1,
18/12/2025,National Total,130,41,171,none,449,415,red,19,0
18/12/2025,Beaumont Hospital,0,0,0,green,9,10,none,,
18/12/2025,Cavan General Hospital,7,0,7,green,14,1,none,,
18/12/2025,Connolly Hospital,0,0,0,green,5,3,none,,
18/12/2025,Louth County Hospital,,,,none,,0,none,,
18/12/2025,Mater Misericordiae University Hospital,12,0,12,green,12,9,none,,
18/12/2025,National Orthopaedic Hospital Cappagh,,,,none,,2,none,,
18/12/2025,Our Lady of Lourdes Hospital,0,0,0,green,31,3,none,,
18/12/2025,Our Lady's Hospital Navan,1,0,1,green,10,1,none,,
18/12/2025,CHI at Crumlin,0,0,0,green,0,1,none,,
18/12/2025,CHI at Tallaght,0,0,0,green,0,0,none,,
18/12/2025,CHI at Temple Street,2,0,2,green,0,0,none,,
18/12/2025,MRH Mullingar,0,0,0,green,15,3,none,,
18/12/2025,MRH Portlaoise,2,0,2,green,0,4,none,,
18/12/2025,MRH Tullamore,0,0,0,green,36,8,red,,
18/12/2025,Naas General Hospital,9,0,9,green,9,7,none,2,
18/12/2025,St. James's Hospital,5,0,5,green,18,35,red,,
18/12/2025,St. Luke's Radiation Oncology Network,,,,none,,0,none,,
18/12/2025,Tallaght University Hospital,9,0,9,green,28,9,none,,
18/12/2025,National Rehabilitation Hospital,,,,none,,5,none,,
18/12/2025,St. Columcille's Hospital,,,,none,,6,red,,
18/12/2025,St Luke's General Hospital Kilkenny,3,0,3,green,28,11,red,,
18/12/2025,St. Michael's Hospital,,,,none,,6,red,,
18/12/2025,St. Vincent's University Hospital,6,0,6,green,42,25,red,,
18/12/2025,Tipperary University Hospital,9,0,9,green,23,12,red,4,
18/12/2025,UH Waterford,0,0,0,green,0,18,none,,
18/12/2025,Wexford General Hospital,0,1,1,green,26,7,none,,
18/12/2025,Bantry General Hospital,,,,none,,9,red,,
18/12/2025,Cork University Hospital,5,7,12,green,36,26,red,,
18/12/2025,Mallow General Hospital,,,,none,,6,red,,
18/12/2025,Mercy University Hospital,13,4,17,red,7,12,red,2,
18/12/2025,South Infirmary Victoria University Hospital,,,,none,,1,none,,
18/12/2025,UH Kerry,11,1,12,red,9,33,red,,
18/12/2025,Ennis Hospital,,,,none,,4,red,,
18/12/2025,Nenagh Hospital,,,,none,,2,none,,
18/12/2025,St. John's Hospital Limerick,,,,none,,3,none,,
18/12/2025,UH Limerick,2,14,16,red,3,16,none,4,
18/12/2025,Galway University Hospital,6,4,10,green,44,33,red,3,
18/12/2025,Letterkenny University Hospital,11,3,14,red,10,41,red,3,
18/12/2025,Mayo University Hospital,4,4,8,green,12,7,none,,
18/12/2025,Portiuncula University Hospital,5,0,5,green,2,4,none,,
18/12/2025,Roscommon University Hospital,,,,none,,3,none,,
18/12/2025,Sligo University Hospital,8,3,11,red,20,29,red,1,
19/12/2025,National Total,90,35,125,none,370,399,red,13,0
19/12/2025,Beaumont Hospital,0,0,0,green,8,9,none,,
19/12/2025,Cavan General Hospital,6,0,6,green,8,2,none,,
19/12/2025,Connolly Hospital,1,0,1,green,0,5,none,,
19/12/2025,Louth County Hospital,,,,none,,0,none,,
19/12/2025,Mater Misericordiae University Hospital,2,0,2,green,12,8,none,,
19/12/2025,National Orthopaedic Hospital Cappagh,,,,none,,2,none,,
19/12/2025,Our Lady of Lourdes Hospital,0,0,0,green,20,4,none,,
19/12/2025,Our Lady's Hospital Navan,0,0,0,green,10,1,none,,
19/12/2025,CHI at Crumlin,1,0,1,green,0,1,none,,
19/12/2025,CHI at Tallaght,0,0,0,green,0,1,none,,
19/12/2025,CHI at Temple Street,0,0,0,green,0,0,none,,
19/12/2025,MRH Mullingar,1,0,1,green,0,3,none,,
19/12/2025,MRH Portlaoise,0,0,0,green,0,4,none,,
19/12/2025,MRH Tullamore,0,0,0,green,36,8,red,,
19/12/2025,Naas General Hospital,0,0,0,green,6,9,red,,
19/12/2025,St. James's Hospital,4,0,4,green,8,33,red,,
19/12/2025,St. Luke's Radiation Oncology Network,,,,none,,0,none,,
19/12/2025,Tallaght University Hospital,6,0,6,green,28,9,none,,
19/12/2025,National Rehabilitation Hospital,,,,none,,5,none,,
19/12/2025,St. Columcille's Hospital,,,,none,,6,red,,
19/12/2025,St Luke's General Hospital Kilkenny,0,0,0,green,20,10,red,,
19/12/2025,St. Michael's Hospital,,,,none,,6,red,,
19/12/2025,St. Vincent's University Hospital,3,0,3,green,35,25,red,,
19/12/2025,Tipperary University Hospital,9,0,9,green,22,8,none,3,
19/12/2025,UH Waterford,0,0,0,green,5,19,none,,
19/12/2025,Wexford General Hospital,4,0,4,green,22,6,none,,
19/12/2025,Bantry General Hospital,,,,none,,8,red,,
19/12/2025,Cork University Hospital,8,5,13,green,33,25,red,,
19/12/2025,Mallow General Hospital,,,,none,,6,red,,
19/12/2025,Mercy University Hospital,10,2,12,red,7,10,red,2,
19/12/2025,South Infirmary Victoria University Hospital,,,,none,,1,none,,
19/12/2025,UH Kerry,5,0,5,green,8,29,red,1,
19/12/2025,Ennis Hospital,,,,none,,3,red,,
19/12/2025,Nenagh Hospital,,,,none,,2,none,,
19/12/2025,St. John's Hospital Limerick,,,,none,,3,none,,
19/12/2025,UH Limerick,0,10,10,green,13,15,none,1,
19/12/2025,Galway University Hospital,8,3,11,green,26,33,red,,
19/12/2025,Letterkenny University Hospital,8,5,13,red,9,36,red,2,
19/12/2025,Mayo University Hospital,1,7,8,green,12,9,red,4,
19/12/2025,Portiuncula University Hospital,5,0,5,green,0,3,none,,
19/12/2025,Roscommon University Hospital,,,,none,,3,none,,
19/12/2025,Sligo University Hospital,8,3,11,red,22,29,red,,
20/12/2025,National Total,62,21,83,none,186,376,red,17,0
20/12/2025,Beaumont Hospital,0,0,0,green,0,9,none,,
20/12/2025,Cavan General Hospital,0,0,0,green,4,2,none,,
20/12/2025,Connolly Hospital,0,0,0,green,0,5,none,,
20/12/2025,Louth County Hospital,,,,none,,0,none,,
20/12/2025,Mater Misericordiae University Hospital,2,0,2,green,0,8,none,,
20/12/2025,National Orthopaedic Hospital Cappagh,,,,none,,2,none,,
20/12/2025,Our Lady of Lourdes Hospital,0,0,0,green,20,3,none,,
20/12/2025,Our Lady's Hospital Navan,0,0,0,green,4,1,none,,
20/12/2025,CHI at Crumlin,1,0,1,green,0,1,none,,
20/12/2025,CHI at Tallaght,0,0,0,green,0,1,none,,
20/12/2025,CHI at Temple Street,0,0,0,green,0,0,none,,
20/12/2025,MRH Mullingar,0,0,0,green,0,3,none,,
20/12/2025,MRH Portlaoise,7,0,7,green,0,6,none,,
20/12/2025,MRH Tullamore,0,0,0,green,11,8,red,,
20/12/2025,Naas General Hospital,0,0,0,green,0,8,none,,
20/12/2025,St. James's Hospital,0,0,0,green,0,36,red,,
20/12/2025,St. Luke's Radiation Oncology Network,,,,none,,0,none,,
20/12/2025,Tallaght University Hospital,0,0,0,green,8,9,none,,
20/12/2025,National Rehabilitation Hospital,,,,none,,4,none,,
20/12/2025,St. Columcille's Hospital,,,,none,,6,red,,
20/12/2025,St Luke's General Hospital Kilkenny,0,0,0,green,9,10,red,,
20/12/2025,St. Michael's Hospital,,,,none,,6,red,,
20/12/2025,St. Vincent's University Hospital,0,0,0,green,35,22,red,,
20/12/2025,Tipperary University Hospital,8,0,8,green,8,7,none,5,
20/12/2025,UH Waterford,0,0,0,green,0,20,none,,
20/12/2025,Wexford General Hospital,2,0,2,green,13,6,none,,
20/12/2025,Bantry General Hospital,,,,none,,8,red,,
20/12/2025,Cork University Hospital,2,0,2,green,3,21,red,,
20/12/2025,Mallow General Hospital,,,,none,,5,red,,
20/12/2025,Mercy University Hospital,4,0,4,green,5,10,red,1,
20/12/2025,South Infirmary Victoria University Hospital,,,,none,,2,none,,
20/12/2025,UH Kerry,16,0,16,red,6,20,red,3,
20/12/2025,Ennis Hospital,,,,none,,2,none,,
20/12/2025,Nenagh Hospital,,,,none,,2,none,,
20/12/2025,St. John's Hospital Limerick,,,,none,,3,none,,
20/12/2025,UH Limerick,8,8,16,red,7,15,none,1,
20/12/2025,Galway University Hospital,0,0,0,green,22,36,red,,
20/12/2025,Letterkenny University Hospital,7,5,12,red,5,31,red,3,
20/12/2025,Mayo University Hospital,1,7,8,green,16,6,none,4,
20/12/2025,Portiuncula University Hospital,0,0,0,green,0,4,none,,
20/12/2025,Roscommon University Hospital,,,,none,,4,none,,
20/12/2025,Sligo University Hospital,4,1,5,green,10,24,red,,
21/12/2025,National Total,80,33,113,none,224,374,red,25,0
21/12/2025,Beaumont Hospital,0,0,0,green,0,9,none,,
21/12/2025,Cavan General Hospital,5,0,5,green,12,2,none,,
21/12/2025,Connolly Hospital,1,0,1,green,0,5,none,,
21/12/2025,Louth County Hospital,,,,none,,0,none,,
21/12/2025,Mater Misericordiae University Hospital,0,0,0,green,0,8,none,,
21/12/2025,National Orthopaedic Hospital Cappagh,,,,none,,2,none,,
21/12/2025,Our Lady of Lourdes Hospital,0,0,0,green,22,3,none,,
21/12/2025,Our Lady's Hospital Navan,0,0,0,green,9,1,none,,
21/12/2025,CHI at Crumlin,0,0,0,green,0,1,none,,
21/12/2025,CHI at Tallaght,0,0,0,green,0,1,none,,
21/12/2025,CHI at Temple Street,4,0,4,amber,0,0,none,,
21/12/2025,MRH Mullingar,4,0,4,green,0,3,none,,
21/12/2025,MRH Portlaoise,4,0,4,green,0,6,none,,
21/12/2025,MRH Tullamore,0,0,0,green,12,8,red,,
21/12/2025,Naas General Hospital,5,0,5,green,0,8,none,,
21/12/2025,St. James's Hospital,1,0,1,green,0,36,red,,
21/12/2025,St. Luke's Radiation Oncology Network,,,,none,,0,none,,
21/12/2025,Tallaght University Hospital,0,0,0,green,13,9,none,,
21/12/2025,National Rehabilitation Hospital,,,,none,,4,none,,
21/12/2025,St. Columcille's Hospital,,,,none,,6,red,,
21/12/2025,St Luke's General Hospital Kilkenny,0,0,0,green,14,10,red,,
21/12/2025,St. Michael's Hospital,,,,none,,6,red,,
21/12/2025,St. Vincent's University Hospital,6,0,6,green,35,22,red,,
21/12/2025,Tipperary University Hospital,2,0,2,green,12,7,none,1,
21/12/2025,UH Waterford,0,0,0,green,0,20,none,,
21/12/2025,Wexford General Hospital,3,0,3,green,16,6,none,,
21/12/2025,Bantry General Hospital,,,,none,,8,red,,
21/12/2025,Cork University Hospital,3,0,3,green,2,21,red,,
21/12/2025,Mallow General Hospital,,,,none,,5,red,,
21/12/2025,Mercy University Hospital,4,0,4,green,6,10,red,,
21/12/2025,South Infirmary Victoria University Hospital,,,,none,,2,none,,
21/12/2025,UH Kerry,15,0,15,red,7,17,red,6,
21/12/2025,Ennis Hospital,,,,none,,2,none,,
21/12/2025,Nenagh Hospital,,,,none,,2,none,,
21/12/2025,St. John's Hospital Limerick,,,,none,,4,red,,
21/12/2025,UH Limerick,7,13,20,red,7,15,none,7,
21/12/2025,Galway University Hospital,1,0,1,green,20,36,red,,
21/12/2025,Letterkenny University Hospital,7,7,14,red,5,31,red,4,
21/12/2025,Mayo University Hospital,2,12,14,red,17,6,none,7,
21/12/2025,Portiuncula University Hospital,5,0,5,green,0,4,none,,
21/12/2025,Roscommon University Hospital,,,,none,,4,none,,
21/12/2025,Sligo University Hospital,1,1,2,green,15,24,red,,
22/12/2025,National Total,103,50,153,none,333,380,red,28,0
22/12/2025,Beaumont Hospital,0,0,0,green,6,9,none,,
22/12/2025,Cavan General Hospital,3,0,3,green,4,2,none,,
22/12/2025,Connolly Hospital,0,0,0,green,0,5,none,,
22/12/2025,Louth County Hospital,,,,none,,0,none,,
22/12/2025,Mater Misericordiae University Hospital,0,0,0,green,0,8,none,,
22/12/2025,National Orthopaedic Hospital Cappagh,,,,none,,2,none,,
22/12/2025,Our Lady of Lourdes Hospital,10,0,10,green,28,3,none,,
22/12/2025,Our Lady's Hospital Navan,3,0,3,amber,17,1,none,,
22/12/2025,CHI at Crumlin,0,0,0,green,0,1,none,,
22/12/2025,CHI at Tallaght,0,0,0,green,0,1,none,,
22/12/2025,CHI at Temple Street,1,0,1,green,0,0,none,,
22/12/2025,MRH Mullingar,1,0,1,green,5,3,none,,
22/12/2025,MRH Portlaoise,1,0,1,green,0,6,none,,
22/12/2025,MRH Tullamore,0,0,0,green,17,8,red,,
22/12/2025,Naas General Hospital,1,0,1,green,4,8,none,,
22/12/2025,St. James's Hospital,0,0,0,green,0,36,red,,
22/12/2025,St. Luke's Radiation Oncology Network,,,,none,,0,none,,
22/12/2025,Tallaght University Hospital,0,0,0,green,22,9,none,,
22/12/2025,National Rehabilitation Hospital,,,,none,,4,none,,
22/12/2025,St. Columcille's Hospital,,,,none,,6,red,,
22/12/2025,St Luke's General Hospital Kilkenny,2,0,2,green,20,10,red,,
22/12/2025,St. Michael's Hospital,,,,none,,6,red,,
22/12/2025,St. Vincent's University Hospital,15,0,15,amber,35,22,red,,
22/12/2025,Tipperary University Hospital,8,0,8,green,20,7,none,1,
22/12/2025,UH Waterford,0,0,0,green,0,20,none,,
22/12/2025,Wexford General Hospital,8,5,13,red,27,6,none,,
22/12/2025,Bantry General Hospital,,,,none,,8,red,,
22/12/2025,Cork University Hospital,5,3,8,green,22,21,red,,
22/12/2025,Mallow General Hospital,,,,none,,5,red,,
22/12/2025,Mercy University Hospital,6,0,6,green,7,10,red,,
22/12/2025,South Infirmary Victoria University Hospital,,,,none,,2,none,,
22/12/2025,UH Kerry,9,0,9,green,7,23,red,2,
22/12/2025,Ennis Hospital,,,,none,,2,none,,
22/12/2025,Nenagh Hospital,,,,none,,2,none,,
22/12/2025,St. John's Hospital Limerick,,,,none,,4,red,,
22/12/2025,UH Limerick,9,19,28,red,16,15,none,10,
22/12/2025,Galway University Hospital,5,6,11,green,21,36,red,,
22/12/2025,Letterkenny University Hospital,1,7,8,green,15,31,red,4,
22/12/2025,Mayo University Hospital,3,9,12,red,18,6,none,8,
22/12/2025,Portiuncula University Hospital,4,0,4,green,2,4,none,3,
22/12/2025,Roscommon University Hospital,,,,none,,4,none,,
22/12/2025,Sligo University Hospital,8,1,9,green,20,24,red,,
23/12/2025,National Total,61,25,86,none,220,385,red,14,0
23/12/2025,Beaumont Hospital,0,0,0,green,0,9,none,,
23/12/2025,Cavan General Hospital,0,0,0,green,4,2,none,,
23/12/2025,Connolly Hospital,0,0,0,green,0,5,none,,
23/12/2025,Louth County Hospital,,,,none,,0,none,,
23/12/2025,Mater Misericordiae University Hospital,0,0,0,green,0,8,none,,
23/12/2025,National Orthopaedic Hospital Cappagh,,,,none,,2,none,,
23/12/2025,Our Lady of Lourdes Hospital,0,0,0,green,20,2,none,,
23/12/2025,Our Lady's Hospital Navan,0,0,0,green,9,1,none,,
23/12/2025,CHI at Crumlin,0,0,0,green,0,1,none,,
23/12/2025,CHI at Tallaght,0,0,0,green,0,1,none,,
23/12/2025,CHI at Temple Street,0,0,0,green,0,0,none,,
23/12/2025,MRH Mullingar,0,0,0,green,0,3,none,,
23/12/2025,MRH Portlaoise,2,0,2,green,0,6,none,,
23/12/2025,MRH Tullamore,0,0,0,green,13,8,red,,
23/12/2025,Naas General Hospital,0,0,0,green,0,11,red,,
23/12/2025,St. James's Hospital,0,0,0,green,0,37,red,,
23/12/2025,St. Luke's Radiation Oncology Network,,,,none,,0,none,,
23/12/2025,Tallaght University Hospital,0,0,0,green,15,10,none,,
23/12/2025,National Rehabilitation Hospital,,,,none,,4,none,,
23/12/2025,St. Columcille's Hospital,,,,none,,6,red,,
23/12/2025,St Luke's General Hospital Kilkenny,5,0,5,green,13,9,red,,
23/12/2025,St. Michael's Hospital,,,,none,,8,red,,
23/12/2025,St. Vincent's University Hospital,0,0,0,green,25,20,none,,
23/12/2025,Tipperary University Hospital,5,0,5,green,11,9,red,2,
23/12/2025,UH Waterford,0,0,0,green,0,19,none,,
23/12/2025,Wexford General Hospital,10,1,11,red,25,6,none,,
23/12/2025,Bantry General Hospital,,,,none,,8,red,,
23/12/2025,Cork University Hospital,8,0,8,green,14,18,none,,
23/12/2025,Mallow General Hospital,,,,none,,5,red,,
23/12/2025,Mercy University Hospital,6,0,6,green,2,11,red,,
23/12/2025,South Infirmary Victoria University Hospital,,,,none,,2,none,,
23/12/2025,UH Kerry,5,0,5,green,8,25,red,1,
23/12/2025,Ennis Hospital,,,,none,,2,none,,
23/12/2025,Nenagh Hospital,,,,none,,2,none,,
23/12/2025,St. John's Hospital Limerick,,,,none,,4,red,,
23/12/2025,UH Limerick,5,10,15,amber,8,14,none,3,
23/12/2025,Galway University Hospital,3,0,3,green,18,34,red,,
23/12/2025,Letterkenny University Hospital,4,5,9,green,0,30,red,2,
23/12/2025,Mayo University Hospital,6,9,15,red,17,8,none,6,
23/12/2025,Portiuncula University Hospital,0,0,0,green,0,7,none,,
23/12/2025,Roscommon University Hospital,,,,none,,4,none,,
23/12/2025,Sligo University Hospital,2,0,2,green,18,24,red,,
24/12/2025,National Total,23,1,24,none,96,375,red,3,0
24/12/2025,Beaumont Hospital,0,0,0,green,0,9,none,,
24/12/2025,Cavan General Hospital,0,0,0,green,2,2,none,,
24/12/2025,Connolly Hospital,0,0,0,green,0,5,none,,
24/12/2025,Louth County Hospital,,,,none,,0,none,,
24/12/2025,Mater Misericordiae University Hospital,0,0,0,green,0,7,none,,
24/12/2025,National Orthopaedic Hospital Cappagh,,,,none,,2,none,,
24/12/2025,Our Lady of Lourdes Hospital,0,0,0,green,4,2,none,,
24/12/2025,Our Lady's Hospital Navan,0,0,0,green,0,1,none,,
24/12/2025,CHI at Crumlin,0,0,0,green,0,1,none,,
24/12/2025,CHI at Tallaght,0,0,0,green,0,1,none,,
24/12/2025,CHI at Temple Street,0,0,0,green,0,0,none,,
24/12/2025,MRH Mullingar,0,0,0,green,0,3,none,,
24/12/2025,MRH Portlaoise,0,0,0,green,0,7,none,,
24/12/2025,MRH Tullamore,0,0,0,green,0,7,red,,
24/12/2025,Naas General Hospital,1,0,1,green,0,11,red,,
24/12/2025,St. James's Hospital,0,0,0,green,0,37,red,,
24/12/2025,St. Luke's Radiation Oncology Network,,,,none,,0,none,,
24/12/2025,Tallaght University Hospital,0,0,0,green,0,10,none,,
24/12/2025,National Rehabilitation Hospital,,,,none,,5,none,,
24/12/2025,St. Columcille's Hospital,,,,none,,6,red,,
24/12/2025,St Luke's General Hospital Kilkenny,0,0,0,green,2,9,red,,
24/12/2025,St. Michael's Hospital,,,,none,,7,red,,
24/12/2025,St. Vincent's University Hospital,0,0,0,green,20,16,none,,
24/12/2025,Tipperary University Hospital,3,0,3,green,6,6,none,1,
24/12/2025,UH Waterford,0,0,0,green,0,16,none,,
24/12/2025,Wexford General Hospital,3,0,3,green,23,7,none,,
24/12/2025,Bantry General Hospital,,,,none,,9,red,,
24/12/2025,Cork University Hospital,0,0,0,green,4,16,none,,
24/12/2025,Mallow General Hospital,,,,none,,5,red,,
24/12/2025,Mercy University Hospital,6,0,6,green,0,12,red,,
24/12/2025,South Infirmary Victoria University Hospital,,,,none,,2,none,,
24/12/2025,UH Kerry,9,0,9,green,0,22,red,1,
24/12/2025,Ennis Hospital,,,,none,,2,none,,
24/12/2025,Nenagh Hospital,,,,none,,2,none,,
24/12/2025,St. John's Hospital Limerick,,,,none,,4,red,,
24/12/2025,UH Limerick,0,0,0,green,7,13,none,,
24/12/2025,Galway University Hospital,0,0,0,green,12,41,red,,
24/12/2025,Letterkenny University Hospital,0,1,1,green,4,33,red,1,
24/12/2025,Mayo University Hospital,0,0,0,green,4,8,none,,
24/12/2025,Portiuncula University Hospital,0,0,0,green,0,5,none,,
24/12/2025,Roscommon University Hospital,,,,none,,4,none,,
24/12/2025,Sligo University Hospital,1,0,1,green,8,20,red,,
25/12/2025,National Total,15,0,15,none,54,361,red,2,0
25/12/2025,Beaumont Hospital,0,0,0,green,0,10,none,,
25/12/2025,Cavan General Hospital,0,0,0,green,0,2,none,,
25/12/2025,Connolly Hospital,0,0,0,green,0,5,none,,
25/12/2025,Louth County Hospital,,,,none,,0,none,,
25/12/2025,Mater Misericordiae University Hospital,0,0,0,green,0,8,none,,
25/12/2025,National Orthopaedic Hospital Cappagh,,,,none,,2,none,,
25/12/2025,Our Lady of Lourdes Hospital,0,0,0,green,0,2,none,,
25/12/2025,Our Lady's Hospital Navan,0,0,0,green,0,1,none,,
25/12/2025,CHI at Crumlin,0,0,0,green,0,1,none,,
25/12/2025,CHI at Tallaght,0,0,0,green,0,1,none,,
25/12/2025,CHI at Temple Street,0,0,0,green,0,0,none,,
25/12/2025,MRH Mullingar,0,0,0,green,0,3,none,,
25/12/2025,MRH Portlaoise,1,0,1,green,0,5,none,,
25/12/2025,MRH Tullamore,0,0,0,green,0,7,red,,
25/12/2025,Naas General Hospital,0,0,0,green,0,9,red,,
25/12/2025,St. James's Hospital,0,0,0,green,0,37,red,,
25/12/2025,St. Luke's Radiation Oncology Network,,,,none,,0,none,,
25/12/2025,Tallaght University Hospital,0,0,0,green,0,10,none,,
25/12/2025,National Rehabilitation Hospital,,,,none,,5,none,,
25/12/2025,St. Columcille's Hospital,,,,none,,6,red,,
25/12/2025,St Luke's General Hospital Kilkenny,0,0,0,green,0,10,red,,
25/12/2025,St. Michael's Hospital,,,,none,,7,red,,
25/12/2025,St. Vincent's University Hospital,0,0,0,green,20,16,none,,
25/12/2025,Tipperary University Hospital,0,0,0,green,0,8,none,,
25/12/2025,UH Waterford,0,0,0,green,0,13,none,,
25/12/2025,Wexford General Hospital,3,0,3,green,13,7,none,,
25/12/2025,Bantry General Hospital,,,,none,,9,red,,
25/12/2025,Cork University Hospital,0,0,0,green,0,16,none,,
25/12/2025,Mallow General Hospital,,,,none,,6,red,,
25/12/2025,Mercy University Hospital,0,0,0,green,0,13,red,,
25/12/2025,South Infirmary Victoria University Hospital,,,,none,,2,none,,
25/12/2025,UH Kerry,9,0,9,green,0,17,red,2,
25/12/2025,Ennis Hospital,,,,none,,2,none,,
25/12/2025,Nenagh Hospital,,,,none,,2,none,,
25/12/2025,St. John's Hospital Limerick,,,,none,,4,red,,
25/12/2025,UH Limerick,0,0,0,green,0,13,none,,
25/12/2025,Galway University Hospital,2,0,2,green,20,37,red,,
25/12/2025,Letterkenny University Hospital,0,0,0,green,1,33,red,,
25/12/2025,Mayo University Hospital,0,0,0,green,0,6,none,,
25/12/2025,Portiuncula University Hospital,0,0,0,green,0,4,none,,
25/12/2025,Roscommon University Hospital,,,,none,,4,none,,
25/12/2025,Sligo University Hospital,0,0,0,green,0,18,red,,
26/12/2025,National Total,16,0,16,none,41,361,red,0,0
26/12/2025,Beaumont Hospital,0,0,0,green,0,10,none,,
26/12/2025,Cavan General Hospital,0,0,0,green,0,2,none,,
26/12/2025,Connolly Hospital,0,0,0,green,0,5,none,,
26/12/2025,Louth County Hospital,,,,none,,0,none,,
26/12/2025,Mater Misericordiae University Hospital,1,0,1,green,0,8,none,,
26/12/2025,National Orthopaedic Hospital Cappagh,,,,none,,2,none,,
26/12/2025,Our Lady of Lourdes Hospital,0,0,0,green,0,2,none,,
26/12/2025,Our Lady's Hospital Navan,0,0,0,green,0,1,none,,
26/12/2025,CHI at Crumlin,0,0,0,green,0,1,none,,
26/12/2025,CHI at Tallaght,0,0,0,green,0,1,none,,
26/12/2025,CHI at Temple Street,0,0,0,green,0,0,none,,
26/12/2025,MRH Mullingar,0,0,0,green,0,3,none,,
26/12/2025,MRH Portlaoise,3,0,3,green,0,5,none,,
26/12/2025,MRH Tullamore,0,0,0,green,0,7,red,,
26/12/2025,Naas General Hospital,0,0,0,green,0,9,red,,
26/12/2025,St. James's Hospital,0,0,0,green,0,37,red,,
26/12/2025,St. Luke's Radiation Oncology Network,,,,none,,0,none,,
26/12/2025,Tallaght University Hospital,0,0,0,green,0,10,none,,
26/12/2025,National Rehabilitation Hospital,,,,none,,5,none,,
26/12/2025,St. Columcille's Hospital,,,,none,,6,red,,
26/12/2025,St Luke's General Hospital Kilkenny,0,0,0,green,0,10,red,,
26/12/2025,St. Michael's Hospital,,,,none,,7,red,,
26/12/2025,St. Vincent's University Hospital,0,0,0,green,20,16,none,,
26/12/2025,Tipperary University Hospital,0,0,0,green,0,8,none,,
26/12/2025,UH Waterford,0,0,0,green,0,13,none,,
26/12/2025,Wexford General Hospital,3,0,3,green,16,7,none,,
26/12/2025,Bantry General Hospital,,,,none,,9,red,,
26/12/2025,Cork University Hospital,3,0,3,green,5,16,none,,
26/12/2025,Mallow General Hospital,,,,none,,6,red,,
26/12/2025,Mercy University Hospital,0,0,0,green,0,13,red,,
26/12/2025,South Infirmary Victoria University Hospital,,,,none,,2,none,,
26/12/2025,UH Kerry,2,0,2,green,0,17,red,,
26/12/2025,Ennis Hospital,,,,none,,2,none,,
26/12/2025,Nenagh Hospital,,,,none,,2,none,,
26/12/2025,St. John's Hospital Limerick,,,,none,,4,red,,
26/12/2025,UH Limerick,0,0,0,green,0,13,none,,
26/12/2025,Galway University Hospital,0,0,0,green,0,37,red,,
26/12/2025,Letterkenny University Hospital,3,0,3,green,0,33,red,,
26/12/2025,Mayo University Hospital,0,0,0,green,0,6,none,,
26/12/2025,Portiuncula University Hospital,0,0,0,green,0,4,none,,
26/12/2025,Roscommon University Hospital,,,,none,,4,none,,
26/12/2025,Sligo University Hospital,1,0,1,green,0,18,red,,
27/12/2025,National Total,38,1,39,none,32,359,red,2,0
27/12/2025,Beaumont Hospital,0,0,0,green,0,10,none,,
27/12/2025,Cavan General Hospital,2,0,2,green,0,2,none,,
27/12/2025,Connolly Hospital,0,0,0,green,0,5,none,,
27/12/2025,Louth County Hospital,,,,none,,0,none,,
27/12/2025,Mater Misericordiae University Hospital,0,0,0,green,0,8,none,,
27/12/2025,National Orthopaedic Hospital Cappagh,,,,none,,2,none,,
27/12/2025,Our Lady of Lourdes Hospital,0,0,0,green,9,2,none,,
27/12/2025,Our Lady's Hospital Navan,0,0,0,green,0,1,none,,
27/12/2025,CHI at Crumlin,0,0,0,green,0,1,none,,
27/12/2025,CHI at Tallaght,0,0,0,green,0,1,none,,
27/12/2025,CHI at Temple Street,0,0,0,green,0,0,none,,
27/12/2025,MRH Mullingar,1,0,1,green,0,3,none,,
27/12/2025,MRH Portlaoise,8,0,8,green,0,5,none,,
27/12/2025,MRH Tullamore,0,0,0,green,0,7,red,,
27/12/2025,Naas General Hospital,1,0,1,green,0,9,red,,
27/12/2025,St. James's Hospital,0,0,0,green,0,37,red,,
27/12/2025,St. Luke's Radiation Oncology Network,,,,none,,0,none,,
27/12/2025,Tallaght University Hospital,0,0,0,green,0,10,none,,
27/12/2025,National Rehabilitation Hospital,,,,none,,5,none,,
27/12/2025,St. Columcille's Hospital,,,,none,,6,red,,
27/12/2025,St Luke's General Hospital Kilkenny,0,0,0,green,0,10,red,,
27/12/2025,St. Michael's Hospital,,,,none,,7,red,,
27/12/2025,St. Vincent's University Hospital,0,0,0,green,0,16,none,,
27/12/2025,Tipperary University Hospital,0,0,0,green,0,8,none,,
27/12/2025,UH Waterford,0,0,0,green,0,13,none,,
27/12/2025,Wexford General Hospital,3,0,3,green,18,7,none,,
27/12/2025,Bantry General Hospital,,,,none,,9,red,,
27/12/2025,Cork University Hospital,4,0,4,green,0,16,none,,
27/12/2025,Mallow General Hospital,,,,none,,6,red,,
27/12/2025,Mercy University Hospital,5,0,5,green,0,13,red,1,
27/12/2025,South Infirmary Victoria University Hospital,,,,none,,2,none,,
27/12/2025,UH Kerry,5,0,5,green,0,16,red,1,
27/12/2025,Ennis Hospital,,,,none,,2,none,,
27/12/2025,Nenagh Hospital,,,,none,,2,none,,
27/12/2025,St. John's Hospital Limerick,,,,none,,4,red,,
27/12/2025,UH Limerick,0,0,0,green,0,13,none,,
27/12/2025,Galway University Hospital,2,0,2,green,0,36,red,,
27/12/2025,Letterkenny University Hospital,3,0,3,green,3,33,red,,
27/12/2025,Mayo University Hospital,3,1,4,green,0,6,none,,
27/12/2025,Portiuncula University Hospital,1,0,1,green,0,4,none,,
27/12/2025,Roscommon University Hospital,,,,none,,4,none,,
27/12/2025,Sligo University Hospital,0,0,0,green,2,18,red,,
28/12/2025,National Total,76,5,81,none,96,356,red,6,1
28/12/2025,Beaumont Hospital,0,0,0,green,0,10,none,,
28/12/2025,Cavan General Hospital,1,0,1,green,0,2,none,,
28/12/2025,Connolly Hospital,1,0,1,green,0,5,none,,
28/12/2025,Louth County Hospital,,,,none,,0,none,,
28/12/2025,Mater Misericordiae University Hospital,0,0,0,green,0,8,none,,
28/12/2025,National Orthopaedic Hospital Cappagh,,,,none,,2,none,,
28/12/2025,Our Lady of Lourdes Hospital,0,0,0,green,17,2,none,,
28/12/2025,Our Lady's Hospital Navan,0,0,0,green,0,1,none,,
28/12/2025,CHI at Crumlin,0,0,0,green,0,1,none,,
28/12/2025,CHI at Tallaght,0,0,0,green,0,1,none,,
28/12/2025,CHI at Temple Street,0,0,0,green,0,0,none,,
28/12/2025,MRH Mullingar,0,0,0,green,0,3,none,,
28/12/2025,MRH Portlaoise,7,0,7,green,6,5,none,,
28/12/2025,MRH Tullamore,0,0,0,green,16,7,red,,
28/12/2025,Naas General Hospital,4,0,4,green,0,9,red,,
28/12/2025,St. James's Hospital,1,0,1,green,0,37,red,,
28/12/2025,St. Luke's Radiation Oncology Network,,,,none,,0,none,,
28/12/2025,Tallaght University Hospital,0,0,0,green,0,10,none,,
28/12/2025,National Rehabilitation Hospital,,,,none,,5,none,,
28/12/2025,St. Columcille's Hospital,,,,none,,6,red,,
28/12/2025,St Luke's General Hospital Kilkenny,0,3,3,green,0,10,red,,
28/12/2025,St. Michael's Hospital,,,,none,,7,red,,
28/12/2025,St. Vincent's University Hospital,12,0,12,green,0,16,none,,
28/12/2025,Tipperary University Hospital,3,0,3,green,6,8,none,1,
28/12/2025,UH Waterford,0,0,0,green,0,13,none,,
28/12/2025,Wexford General Hospital,7,1,8,green,18,5,none,,
28/12/2025,Bantry General Hospital,,,,none,,9,red,,
28/12/2025,Cork University Hospital,3,0,3,green,3,16,none,,
28/12/2025,Mallow General Hospital,,,,none,,6,red,,
28/12/2025,Mercy University Hospital,11,0,11,red,2,13,red,5,1
28/12/2025,South Infirmary Victoria University Hospital,,,,none,,2,none,,
28/12/2025,UH Kerry,7,0,7,green,0,15,red,,
28/12/2025,Ennis Hospital,,,,none,,2,none,,
28/12/2025,Nenagh Hospital,,,,none,,2,none,,
28/12/2025,St. John's Hospital Limerick,,,,none,,4,red,,
28/12/2025,UH Limerick,0,0,0,green,0,13,none,,
28/12/2025,Galway University Hospital,0,0,0,green,4,36,red,,
28/12/2025,Letterkenny University Hospital,14,1,15,red,4,33,red,,
28/12/2025,Mayo University Hospital,0,0,0,green,6,6,none,,
28/12/2025,Portiuncula University Hospital,0,0,0,green,0,4,none,,
28/12/2025,Roscommon University Hospital,,,,none,,4,none,,
28/12/2025,Sligo University Hospital,5,0,5,green,14,18,red,,
29/12/2025,National Total,93,6,99,none,293,355,red,8,0
29/12/2025,Beaumont Hospital,0,0,0,green,0,10,none,,
29/12/2025,Cavan General Hospital,1,0,1,green,6,2,none,,
29/12/2025,Connolly Hospital,0,0,0,green,0,5,none,,
29/12/2025,Louth County Hospital,,,,none,,0,none,,
29/12/2025,Mater Misericordiae University Hospital,0,0,0,green,0,8,none,,
29/12/2025,National Orthopaedic Hospital Cappagh,,,,none,,2,none,,
29/12/2025,Our Lady of Lourdes Hospital,5,0,5,green,30,2,none,,
29/12/2025,Our Lady's Hospital Navan,0,0,0,green,0,1,none,,
29/12/2025,CHI at Crumlin,0,0,0,green,0,1,none,,
29/12/2025,CHI at Tallaght,0,0,0,green,0,1,none,,
29/12/2025,CHI at Temple Street,0,0,0,green,0,0,none,,
29/12/2025,MRH Mullingar,2,0,2,green,0,3,none,,
29/12/2025,MRH Portlaoise,2,0,2,green,7,5,none,,
29/12/2025,MRH Tullamore,0,0,0,green,27,7,red,,
29/12/2025,Naas General Hospital,5,0,5,green,15,9,red,,
29/12/2025,St. James's Hospital,0,0,0,green,0,37,red,,
29/12/2025,St. Luke's Radiation Oncology Network,,,,none,,0,none,,
29/12/2025,Tallaght University Hospital,0,0,0,green,10,10,none,,
29/12/2025,National Rehabilitation Hospital,,,,none,,5,none,,
29/12/2025,St. Columcille's Hospital,,,,none,,6,red,,
29/12/2025,St Luke's General Hospital Kilkenny,4,0,4,green,25,10,red,,
29/12/2025,St. Michael's Hospital,,,,none,,7,red,,
29/12/2025,St. Vincent's University Hospital,11,0,11,green,20,16,none,1,
29/12/2025,Tipperary University Hospital,7,0,7,green,23,8,none,2,
29/12/2025,UH Waterford,0,0,0,green,0,13,none,,
29/12/2025,Wexford General Hospital,8,1,9,green,30,5,none,1,
29/12/2025,Bantry General Hospital,,,,none,,9,red,,
29/12/2025,Cork University Hospital,11,0,11,green,15,16,none,,
29/12/2025,Mallow General Hospital,,,,none,,6,red,,
29/12/2025,Mercy University Hospital,13,0,13,red,16,14,red,4,
29/12/2025,South Infirmary Victoria University Hospital,,,,none,,2,none,,
29/12/2025,UH Kerry,4,0,4,green,11,13,red,,
29/12/2025,Ennis Hospital,,,,none,,2,none,,
29/12/2025,Nenagh Hospital,,,,none,,2,none,,
29/12/2025,St. John's Hospital Limerick,,,,none,,4,red,,
29/12/2025,UH Limerick,3,1,4,green,5,13,none,,
29/12/2025,Galway University Hospital,6,0,6,green,11,36,red,,
29/12/2025,Letterkenny University Hospital,3,4,7,green,12,33,red,,
29/12/2025,Mayo University Hospital,1,0,1,green,9,6,none,,
29/12/2025,Portiuncula University Hospital,0,0,0,green,0,4,none,,
29/12/2025,Roscommon University Hospital,,,,none,,4,none,,
29/12/2025,Sligo University Hospital,7,0,7,green,21,18,red,,
30/12/2025,National Total,113,29,142,none,309,351,red,7,0
30/12/2025,Beaumont Hospital,0,0,0,green,0,8,none,,
30/12/2025,Cavan General Hospital,0,0,0,green,10,2,none,,
30/12/2025,Connolly Hospital,0,0,0,green,0,2,none,,
30/12/2025,Louth County Hospital,,,,none,,0,none,,
30/12/2025,Mater Misericordiae University Hospital,0,0,0,green,0,8,none,,
30/12/2025,National Orthopaedic Hospital Cappagh,,,,none,,2,none,,
30/12/2025,Our Lady of Lourdes Hospital,6,0,6,green,23,2,none,,
30/12/2025,Our Lady's Hospital Navan,0,0,0,green,0,1,none,,
30/12/2025,CHI at Crumlin,0,0,0,green,0,1,none,,
30/12/2025,CHI at Tallaght,0,0,0,green,0,1,none,,
30/12/2025,CHI at Temple Street,1,0,1,green,0,0,none,,
30/12/2025,MRH Mullingar,3,0,3,green,0,2,none,,
30/12/2025,MRH Portlaoise,6,0,6,green,0,6,none,,
30/12/2025,MRH Tullamore,0,0,0,green,29,8,red,,
30/12/2025,Naas General Hospital,4,0,4,green,3,11,red,,
30/12/2025,St. James's Hospital,0,0,0,green,0,36,red,,
30/12/2025,St. Luke's Radiation Oncology Network,,,,none,,0,none,,
30/12/2025,Tallaght University Hospital,0,0,0,green,12,10,none,,
30/12/2025,National Rehabilitation Hospital,,,,none,,5,none,,
30/12/2025,St. Columcille's Hospital,,,,none,,6,red,,
30/12/2025,St Luke's General Hospital Kilkenny,4,0,4,green,24,10,red,,
30/12/2025,St. Michael's Hospital,,,,none,,7,red,,
30/12/2025,St. Vincent's University Hospital,12,1,13,green,20,14,none,1,
30/12/2025,Tipperary University Hospital,7,0,7,green,21,6,none,2,
30/12/2025,UH Waterford,0,0,0,green,0,14,none,,
30/12/2025,Wexford General Hospital,4,4,8,green,32,5,none,,
30/12/2025,Bantry General Hospital,,,,none,,9,red,,
30/12/2025,Cork University Hospital,12,2,14,green,32,18,none,,
30/12/2025,Mallow General Hospital,,,,none,,6,red,,
30/12/2025,Mercy University Hospital,7,1,8,amber,17,13,red,,
30/12/2025,South Infirmary Victoria University Hospital,,,,none,,2,none,,
30/12/2025,UH Kerry,15,6,21,red,12,13,red,1,
30/12/2025,Ennis Hospital,,,,none,,2,none,,
30/12/2025,Nenagh Hospital,,,,none,,3,none,,
30/12/2025,St. John's Hospital Limerick,,,,none,,4,red,,
30/12/2025,UH Limerick,1,0,1,green,8,13,none,,
30/12/2025,Galway University Hospital,11,1,12,green,22,34,red,,
30/12/2025,Letterkenny University Hospital,8,7,15,red,4,35,red,3,
30/12/2025,Mayo University Hospital,2,4,6,green,17,6,none,,
30/12/2025,Portiuncula University Hospital,3,0,3,green,0,4,none,,
30/12/2025,Roscommon University Hospital,,,,none,,4,none,,
30/12/2025,Sligo University Hospital,7,3,10,amber,23,18,red,,
31/12/2025,National Total,104,23,127,none,291,375,red,14,2
31/12/2025,Beaumont Hospital,0,0,0,green,0,9,none,,
31/12/2025,Cavan General Hospital,0,0,0,green,0,2,none,,
31/12/2025,Connolly Hospital,0,0,0,green,0,2,none,,
31/12/2025,Louth County Hospital,,,,none,,0,none,,
31/12/2025,Mater Misericordiae University Hospital,0,0,0,green,0,8,none,,
31/12/2025,National Orthopaedic Hospital Cappagh,,,,none,,2,none,,
31/12/2025,Our Lady of Lourdes Hospital,4,0,4,green,25,3,none,,
31/12/2025,Our Lady's Hospital Navan,0,0,0,green,0,1,none,,
31/12/2025,CHI at Crumlin,0,0,0,green,0,1,none,,
31/12/2025,CHI at Tallaght,1,0,1,green,0,0,none,,
31/12/2025,CHI at Temple Street,0,0,0,green,0,0,none,,
31/12/2025,MRH Mullingar,1,0,1,green,0,2,none,,
31/12/2025,MRH Portlaoise,2,0,2,green,0,8,none,,
31/12/2025,MRH Tullamore,0,0,0,green,42,9,red,,
31/12/2025,Naas General Hospital,0,0,0,green,2,11,red,,
31/12/2025,St. James's Hospital,7,0,7,green,0,36,red,,
31/12/2025,St. Luke's Radiation Oncology Network,,,,none,,0,none,,
31/12/2025,Tallaght University Hospital,0,0,0,green,8,10,none,,
31/12/2025,National Rehabilitation Hospital,,,,none,,5,none,,
31/12/2025,St. Columcille's Hospital,,,,none,,7,red,,
31/12/2025,St Luke's General Hospital Kilkenny,0,0,0,green,15,10,red,,
31/12/2025,St. Michael's Hospital,,,,none,,6,red,,
31/12/2025,St. Vincent's University Hospital,10,0,10,green,20,14,none,,
31/12/2025,Tipperary University Hospital,3,0,3,green,15,10,red,2,
31/12/2025,UH Waterford,0,0,0,green,0,13,none,,
31/12/2025,Wexford General Hospital,6,1,7,green,30,5,none,1,
31/12/2025,Bantry General Hospital,,,,none,,10,red,,
31/12/2025,Cork University Hospital,19,0,19,red,27,16,none,1,
31/12/2025,Mallow General Hospital,,,,none,,8,red,,
31/12/2025,Mercy University Hospital,9,3,12,red,16,14,red,,
31/12/2025,South Infirmary Victoria University Hospital,,,,none,,2,none,,
31/12/2025,UH Kerry,15,7,22,red,14,19,red,4,2
31/12/2025,Ennis Hospital,,,,none,,2,none,,
31/12/2025,Nenagh Hospital,,,,none,,3,none,,
31/12/2025,St. John's Hospital Limerick,,,,none,,4,red,,
31/12/2025,UH Limerick,1,0,1,green,10,10,none,,
31/12/2025,Galway University Hospital,4,0,4,green,22,35,red,,
31/12/2025,Letterkenny University Hospital,9,6,15,red,10,36,red,1,
31/12/2025,Mayo University Hospital,3,6,9,green,17,6,none,5,
31/12/2025,Portiuncula University Hospital,0,0,0,green,0,8,red,,
31/12/2025,Roscommon University Hospital,,,,none,,4,none,,
31/12/2025,Sligo University Hospital,10,0,10,amber,18,24,red,,
